Date,Season,Air Asia,Air India,Akasa Air,Alliance Air,GoAir,Indigo,Spicejet,Vistara
2021-07-29,Monsoon,100.0,99.0,,,100.0,99.8,90.3,98.7
2021-07-30,Monsoon,90.6,92.9,,,100.0,94.4,85.9,99.0
2021-08-03,Monsoon,96.8,91.2,,,100.0,97.3,97.6,95.5
2021-08-04,Monsoon,93.8,87.4,,,100.0,95.1,97.2,97.1
2021-08-05,Monsoon,94.9,95.2,,,100.0,98.9,100.0,100.0
2021-08-06,Monsoon,91.6,88.9,,,95.0,94.5,84.9,92.7
2021-08-07,Monsoon,98.4,90.7,,,96.0,95.8,92.4,98.1
2021-08-09,Monsoon,97.3,95.5,,,100.0,98.5,96.6,99.1
2021-08-10,Monsoon,92.2,93.7,,,98.0,98.9,92.8,93.6
2021-08-12,Monsoon,100.0,98.0,,,100.0,99.6,96.2,98.0
2021-08-13,Monsoon,100.0,85.5,,,99.0,87.1,89.2,94.6
2021-08-14,Monsoon,100.0,97.3,,,98.0,97.9,94.8,95.5
2021-08-15,Monsoon,100.0,96.1,,,100.0,98.5,83.1,100.0
2021-08-16,Monsoon,99.0,91.5,,,100.0,99.4,91.6,98.3
2021-08-17,Monsoon,100.0,98.2,,,100.0,99.0,93.8,99.1
2021-08-18,Monsoon,96.8,91.3,,,97.0,99.0,91.0,96.7
2021-08-19,Monsoon,100.0,96.3,,,97.0,98.8,93.3,97.4
2021-08-20,Monsoon,87.5,90.4,,,100.0,94.8,82.9,92.4
2021-08-21,Monsoon,96.7,91.1,,,91.0,94.7,80.0,95.7
2021-08-22,Monsoon,93.4,89.6,,,94.0,99.1,86.5,93.2
2021-08-26,Monsoon,98.3,95.6,,,99.0,98.3,88.3,98.3
2021-08-27,Monsoon,95.2,93.0,,,90.0,96.7,86.4,96.7
2021-08-28,Monsoon,96.7,95.3,,,99.0,98.2,88.0,96.6
2021-08-29,Monsoon,100.0,96.2,,,98.0,99.0,89.2,98.2
2021-09-17,Monsoon,93.7,90.4,,,95.0,98.4,82.7,94.7
2021-09-24,Monsoon,97.3,90.9,,,96.0,95.8,94.4,97.7
2021-09-26,Monsoon,90.7,94.2,,,87.0,94.4,91.6,95.4
2021-09-27,Monsoon,87.7,92.6,,,96.0,95.5,82.4,97.7
2021-09-29,Monsoon,97.1,91.4,,,94.0,96.8,90.0,97.7
2021-10-01,Other,90.4,83.4,,,98.0,91.3,75.5,88.6
2021-10-02,Other,91.5,85.8,,,69.0,94.6,89.0,91.0
2021-10-03,Other,85.9,83.8,,,87.0,91.8,83.5,93.3
2021-10-04,Other,94.1,88.8,,,90.0,97.2,89.0,97.7
2021-10-07,Other,91.4,86.9,,,91.0,93.0,88.0,95.5
2021-10-09,Other,81.6,70.1,,,87.0,86.4,86.0,93.3
2021-10-15,Other,88.7,88.7,,,88.0,93.9,86.4,98.3
2021-10-18,Other,76.2,84.8,,,89.0,87.4,70.4,87.4
2021-10-26,Other,93.9,87.5,,,88.0,93.5,88.1,95.4
2021-10-27,Other,83.3,81.9,,,70.0,92.1,86.2,92.6
2021-11-05,Other,100.0,88.4,,,82.0,94.5,70.7,97.0
2021-11-07,Other,87.5,74.7,,,80.0,81.6,59.9,92.2
2021-11-08,Other,88.3,76.6,,,80.0,85.0,63.9,93.8
2021-11-15,Other,67.0,62.3,,,72.0,80.3,61.5,83.4
2021-11-27,Other,72.8,62.9,,,69.0,73.0,63.2,77.3
2021-11-29,Other,83.9,64.3,,,71.0,79.1,70.0,75.0
2021-12-13,Fog,83.8,88.8,,,76.0,84.3,81.8,78.1
2021-12-26,Fog,85.7,85.7,,,72.0,89.1,82.9,93.9
2021-12-27,Fog,68.1,80.3,,,81.0,86.4,76.8,92.1
2021-12-28,Fog,54.7,82.2,,,87.0,85.3,81.1,93.2
2021-12-29,Fog,73.0,90.5,,,95.0,89.6,75.5,74.6
2021-12-30,Fog,80.4,89.9,,,91.0,84.5,72.4,83.8
2021-12-31,Fog,97.2,92.4,,,96.0,89.8,81.2,90.3
2022-01-01,Fog,94.6,93.3,,,95.0,87.1,81.8,97.4
2022-01-02,Fog,83.1,92.4,,,94.0,93.4,87.4,90.9
2022-01-03,Fog,77.4,86.5,,,99.0,85.7,78.4,95.2
2022-01-04,Fog,87.3,92.7,,,99.0,90.7,85.1,93.8
2022-01-05,Fog,91.5,90.3,,,91.0,86.4,79.7,88.5
2022-01-06,Fog,94.9,88.8,,,88.0,90.8,77.8,92.5
2022-01-07,Fog,95.4,92.7,,,99.0,85.2,89.5,94.4
2022-01-08,Fog,59.7,84.6,,,93.0,93.5,85.2,93.9
2022-01-09,Fog,94.3,88.1,,,96.0,96.7,87.3,94.3
2022-01-10,Fog,96.7,97.1,,,99.0,94.4,94.4,98.3
2022-01-11,Fog,93.5,93.6,,,99.0,95.1,87.1,98.9
2022-01-12,Fog,90.6,96.5,,,98.0,96.1,95.9,95.1
2022-01-13,Fog,91.7,92.4,,,99.0,95.6,88.9,92.8
2022-01-14,Fog,95.7,90.1,,,97.0,94.8,90.6,97.2
2022-01-15,Fog,96.1,90.5,,,99.0,96.4,90.9,97.1
2022-01-16,Fog,87.9,92.0,,,99.0,89.2,92.9,99.1
2022-01-17,Fog,97.8,95.2,,,98.0,95.8,87.1,91.8
2022-01-18,Fog,93.3,97.3,,,100.0,97.1,90.6,95.4
2022-01-19,Fog,93.9,94.4,,,95.0,96.9,91.8,94.4
2022-01-20,Fog,94.6,91.5,,,98.0,94.8,88.5,89.7
2022-01-21,Fog,92.3,95.1,,,88.0,93.6,84.2,93.2
2022-01-22,Fog,100.0,94.8,,,90.0,94.2,94.8,96.1
2022-01-23,Fog,87.5,94.4,,,93.0,95.1,92.6,94.3
2022-01-24,Fog,95.8,98.2,,,95.0,96.8,92.4,90.2
2022-01-25,Fog,95.8,97.4,,,98.0,97.2,92.0,94.0
2022-01-26,Fog,100.0,95.7,,,97.0,98.4,98.9,95.6
2022-01-27,Fog,96.0,91.3,,,99.0,99.0,96.3,100.0
2022-01-28,Fog,92.0,92.9,,,95.0,97.4,91.9,99.0
2022-01-29,Fog,92.3,96.1,,,99.0,97.9,95.3,94.9
2022-01-30,Fog,96.2,94.4,,,98.0,98.2,92.5,97.4
2022-01-31,Fog,100.0,94.1,,,95.0,96.2,90.1,92.5
2022-02-01,Other,84.0,82.8,,,98.0,90.1,89.6,78.0
2022-02-02,Other,96.2,90.4,,,100.0,91.7,95.9,87.0
2022-02-03,Other,95.8,92.4,,,99.0,96.7,90.1,82.4
2022-02-04,Other,96.0,82.4,,,98.0,92.4,95.8,94.4
2022-02-05,Other,82.8,88.4,,,96.0,89.7,88.3,85.7
2022-02-06,Other,96.3,90.2,,,97.0,96.1,82.5,95.1
2022-02-07,Other,93.6,93.7,,,94.0,97.1,95.7,98.3
2022-02-08,Other,100.0,96.4,,,95.0,96.5,91.3,89.5
2022-02-09,Other,100.0,94.7,,,96.0,97.7,95.0,92.7
2022-02-10,Other,89.7,94.8,,,96.0,91.9,90.4,91.5
2022-02-11,Other,73.9,92.2,,,96.0,95.7,66.4,91.3
2022-02-12,Other,94.4,91.2,,,97.0,98.3,84.8,92.6
2022-02-13,Other,93.2,94.7,,,85.0,98.4,91.9,96.8
2022-02-14,Other,89.1,92.4,,,92.0,97.8,97.4,95.8
2022-02-15,Other,95.5,97.3,,,94.0,97.9,94.6,97.6
2022-02-16,Other,93.1,91.1,,,91.0,97.3,89.3,91.5
2022-02-17,Other,90.7,90.4,,,93.0,94.0,91.4,92.2
2022-02-18,Other,89.0,92.4,,,89.0,94.8,87.4,94.6
2022-02-19,Other,82.1,92.0,,,94.0,96.2,86.5,89.9
2022-02-21,Other,72.5,82.1,,,70.0,86.6,90.2,89.0
2022-02-23,Other,100.0,95.3,,,98.0,98.1,96.0,93.3
2022-02-24,Other,86.5,88.8,,,88.0,94.8,83.2,95.0
2022-02-25,Other,88.1,83.8,,,90.0,93.9,91.4,92.3
2022-02-26,Other,89.6,73.5,,,87.0,95.0,93.4,91.7
2022-03-01,Other,99.0,97.3,,,100.0,98.5,95.0,96.4
2022-03-02,Other,95.8,96.4,,,88.0,96.2,96.3,92.9
2022-03-06,Other,96.2,95.4,,,85.0,94.1,94.1,91.3
2022-03-10,Other,95.8,92.6,,,94.0,95.4,96.4,94.8
2022-03-11,Other,87.5,87.6,,,74.0,90.5,82.1,89.6
2022-03-14,Other,93.8,95.1,,,92.0,95.2,97.7,99.4
2022-03-18,Other,100.0,97.4,,,96.0,98.5,90.0,97.8
2022-03-19,Other,90.6,93.1,,,98.0,97.5,93.8,95.2
2022-03-20,Other,96.5,93.0,,,96.0,97.9,92.6,95.7
2022-03-21,Other,87.9,82.8,,,89.0,85.0,90.3,91.4
2022-03-22,Other,86.9,94.6,,,88.0,96.5,87.9,98.8
2022-03-23,Other,93.3,91.9,,,90.0,95.0,92.1,95.3
2022-03-25,Other,96.7,96.5,,,91.0,94.7,89.7,90.2
2022-03-26,Other,94.5,94.7,,,93.0,96.5,88.8,96.9
2022-03-27,Other,94.2,89.8,,,95.0,92.1,86.2,97.5
2022-03-28,Other,91.0,89.8,,,98.0,71.0,84.3,95.7
2022-03-31,Other,92.2,86.0,,,96.0,99.4,91.4,96.9
2022-04-01,Other,95.4,81.5,,,98.0,91.5,90.3,96.9
2022-04-03,Other,100.0,87.5,,,99.0,95.9,93.4,96.8
2022-04-04,Other,94.6,81.0,,,96.0,92.8,86.7,92.6
2022-04-05,Other,94.3,95.7,,,100.0,95.7,98.3,98.7
2022-04-06,Other,96.4,98.3,,,99.0,94.1,90.9,96.8
2022-04-07,Other,90.7,90.6,,,95.0,91.9,81.4,96.2
2022-04-08,Other,98.8,89.9,,,96.0,90.5,95.6,96.8
2022-04-09,Other,97.8,81.7,,,87.0,88.7,92.9,89.2
2022-04-10,Other,91.8,87.8,,,90.0,90.2,82.5,94.8
2022-04-11,Other,92.1,92.9,,,95.0,90.9,89.8,96.3
2022-04-13,Other,98.0,76.1,,,96.0,88.7,91.2,90.2
2022-04-21,Other,100.0,85.1,,,92.0,91.4,89.0,93.8
2022-04-30,Other,95.7,79.8,,,88.0,87.6,90.2,93.2
2022-05-11,Other,93.5,86.0,,,87.0,85.6,90.6,95.7
2022-05-13,Other,90.1,80.2,,,77.0,85.7,80.2,92.6
2022-05-14,Other,89.2,77.1,,,89.0,84.4,80.0,96.3
2022-05-15,Other,88.9,96.4,,,71.0,79.0,76.4,94.4
2022-05-16,Other,86.4,92.7,,,77.0,81.2,75.9,91.5
2022-06-02,Monsoon,94.1,93.7,,,76.0,85.0,89.5,88.2
2022-11-29,Other,58.4,92.9,95.5,,83.2,88.2,81.5,86.8
2022-12-03,Fog,60.7,91.4,97.7,,85.1,90.1,82.4,83.3
2023-01-03,Fog,54.1,89.8,70.6,,82.0,77.4,80.0,87.7
2023-01-07,Fog,71.4,77.1,90.2,,83.0,85.6,80.4,76.6
2023-02-01,Other,81.1,88.5,72.4,,84.2,91.1,79.8,75.0
2023-02-02,Other,69.9,76.9,83.6,,84.3,88.8,57.7,87.0
2023-02-18,Other,68.1,83.5,95.5,,87.0,88.6,81.8,81.0
2023-02-19,Other,63.7,79.1,91.0,,82.0,92.1,68.8,87.0
2023-03-04,Other,60.9,73.8,92.3,,84.0,94.1,80.2,89.0
2023-03-05,Other,86.1,81.5,98.5,,84.3,96.9,80.0,90.0
2023-03-06,Other,77.9,90.6,85.1,,84.0,93.3,84.0,89.0
2023-03-09,Other,82.1,81.5,85.7,,82.3,92.7,80.2,89.0
2023-03-10,Other,68.1,90.7,97.1,,86.0,94.7,84.7,96.0
2023-03-11,Other,67.5,81.0,98.6,,93.0,95.4,83.5,88.0
2023-03-12,Other,67.3,90.1,97.1,,85.0,93.0,83.3,75.0
2023-03-13,Other,86.7,86.8,89.9,,83.0,96.1,83.0,91.5
2023-03-14,Other,88.5,94.0,94.2,,83.2,96.6,82.4,89.4
2023-03-15,Other,85.8,90.2,98.5,,89.0,95.4,82.6,85.1
2023-03-17,Other,85.6,86.8,97.2,,84.3,93.3,83.0,84.3
2023-03-18,Other,75.7,86.8,93.0,,84.2,93.3,82.7,82.1
2023-03-19,Other,72.6,71.9,91.3,,86.0,83.8,85.3,69.0
2023-03-20,Other,81.0,71.9,95.7,,88.0,84.4,82.8,68.9
2023-03-21,Other,85.8,68.9,85.3,,83.2,84.4,84.8,78.1
2023-03-22,Other,88.2,83.8,100.0,,84.0,97.6,65.6,90.2
2023-03-23,Other,93.8,90.2,98.6,,85.0,97.5,61.6,91.2
2023-03-24,Other,80.2,79.1,97.1,,88.0,91.3,72.2,78.3
2023-03-25,Other,76.6,83.1,87.0,,83.2,88.5,69.6,71.4
2023-03-26,Other,81.4,92.6,96.9,,84.3,92.1,64.1,83.5
2023-03-27,Other,87.7,94.0,98.5,,85.0,96.7,73.9,87.9
2023-03-28,Other,90.4,90.1,100.0,,88.0,95.6,80.0,94.3
2023-03-29,Other,70.9,90.6,96.8,,84.0,92.4,71.4,84.9
2023-03-30,Other,86.1,79.5,98.4,,83.4,86.9,52.6,76.0
2023-03-31,Other,83.5,89.3,98.4,,85.0,90.3,47.2,84.0
2023-04-01,Other,79.3,93.2,92.3,,89.0,90.8,65.3,93.1
2023-04-02,Other,82.6,92.9,96.9,,85.4,95.7,73.7,90.0
2023-04-03,Other,89.6,94.7,96.9,,83.6,94.5,82.2,92.5
2023-04-04,Other,67.3,92.7,90.8,,89.0,86.1,74.7,92.6
2023-04-05,Other,91.2,89.5,100.0,,89.0,91.6,85.7,89.4
2023-04-06,Other,88.6,96.7,96.9,,86.0,91.5,80.0,92.5
2023-04-07,Other,82.1,96.0,98.5,,84.5,95.9,81.3,93.5
2023-04-08,Other,89.7,99.3,98.5,,83.0,94.3,75.0,90.8
2023-04-09,Other,67.0,95.5,92.3,,82.0,90.6,80.0,89.5
2023-04-10,Other,82.6,92.1,95.4,,83.0,92.5,81.3,91.4
2023-04-11,Other,90.5,94.7,98.5,,74.3,92.5,75.6,91.5
2023-04-12,Other,86.1,90.1,87.5,,80.2,96.4,77.6,89.6
2023-04-14,Other,97.4,92.1,96.9,,86.2,94.8,80.9,86.3
2023-04-15,Other,94.0,93.2,98.5,,83.2,91.3,86.5,93.8
2023-04-16,Other,87.8,90.9,94.0,,80.0,93.2,64.4,83.2
2023-04-17,Other,84.4,85.0,89.9,,83.0,93.1,82.0,90.9
2023-04-18,Other,92.2,96.7,95.6,,83.0,92.1,62.8,94.4
2023-04-19,Other,81.7,90.9,100.0,,83.2,90.3,59.8,86.1
2023-04-20,Other,83.5,85.4,89.7,,86.0,85.0,69.8,82.5
2023-04-21,Other,80.9,88.9,94.2,,80.0,86.9,70.9,85.6
2023-04-22,Other,88.8,92.5,97.1,,85.8,90.5,65.9,86.4
2023-04-23,Other,91.3,91.6,95.6,,87.2,85.2,67.8,79.9
2023-04-24,Other,83.5,87.6,98.5,,85.0,85.9,52.8,79.0
2023-04-25,Other,89.6,88.9,94.2,,85.0,86.1,58.6,84.1
2023-04-26,Other,80.9,90.9,98.5,,74.2,90.9,69.0,80.5
2023-04-27,Other,76.7,86.9,95.7,,83.0,81.1,60.9,82.1
2023-04-28,Other,61.7,86.3,81.2,,84.2,80.7,65.5,79.2
2023-04-29,Other,84.5,90.5,94.2,,83.0,85.3,75.8,93.9
2023-04-30,Other,81.7,91.1,94.8,,83.1,81.5,71.8,77.8
2023-05-01,Other,90.3,79.5,89.9,,82.3,79.8,61.2,89.4
2023-05-02,Other,81.4,87.4,87.3,,83.0,87.1,61.0,92.9
2023-05-03,Other,63.7,74.2,93.2,,83.0,81.9,67.9,75.0
2023-05-04,Other,87.6,82.2,98.7,,83.0,91.6,74.4,93.5
2023-05-05,Other,89.5,88.5,97.3,,83.0,93.2,75.6,96.4
2023-05-06,Other,96.5,88.3,93.3,,83.0,88.3,71.7,95.3
2023-05-07,Other,89.4,79.4,94.7,,83.0,90.2,68.7,87.8
2023-05-08,Other,94.7,89.2,93.3,,83.0,93.3,70.5,92.9
2023-05-09,Other,85.6,95.6,97.3,,83.0,90.9,70.6,95.4
2023-05-10,Other,92.1,91.2,100.0,,83.0,89.9,65.4,85.6
2023-05-11,Other,80.7,90.5,98.7,,83.0,90.0,69.9,91.5
2023-05-12,Other,91.2,86.5,96.0,,83.0,93.3,71.4,89.1
2023-05-13,Other,91.2,86.5,96.0,,83.0,93.3,71.4,89.1
2023-05-14,Other,92.9,83.7,78.7,,83.0,93.9,74.1,89.0
2023-05-15,Other,92.9,80.4,92.1,,83.0,91.6,77.8,88.8
2023-05-16,Other,91.1,89.2,98.7,,83.0,93.1,78.1,93.2
2023-05-17,Other,96.5,79.1,85.5,,83.0,94.7,78.0,92.3
2023-05-18,Other,91.2,86.6,97.5,,83.0,90.1,78.0,95.6
2023-05-19,Other,82.6,79.0,97.5,,83.0,93.2,67.5,97.8
2023-05-20,Other,76.3,85.8,96.2,,83.0,93.9,65.9,91.3
2023-05-21,Other,62.6,86.0,93.7,,83.0,90.6,77.1,87.7
2023-05-22,Other,82.9,82.7,100.0,,83.0,92.7,67.5,93.0
2023-05-23,Other,79.8,85.8,84.8,,83.0,89.6,57.5,92.0
2023-05-24,Other,82.3,82.2,89.7,,83.0,90.4,63.3,85.8
2023-05-25,Other,86.8,72.2,91.1,,83.0,83.2,65.0,84.3
2023-05-26,Other,85.8,81.4,92.4,,83.0,89.1,39.2,88.2
2023-05-27,Other,85.1,75.6,93.7,,83.0,81.0,48.8,79.4
2023-05-28,Other,83.8,79.6,91.1,,83.0,94.6,66.7,91.7
2023-05-29,Other,88.5,85.2,91.1,,83.0,93.5,60.2,88.7
2023-05-30,Other,80.5,73.6,88.6,,83.0,83.2,51.2,77.4
2023-05-31,Other,92.0,76.1,82.1,,83.0,84.4,54.3,89.6
2023-06-02,Monsoon,92.0,77.8,94.8,,83.0,93.1,41.3,94.6
2023-06-03,Monsoon,92.2,76.4,94.8,,83.0,92.5,57.0,89.4
2023-06-04,Monsoon,82.3,90.8,85.6,,83.0,90.7,68.0,89.2
2023-06-05,Monsoon,92.0,85.2,94.8,,83.0,92.9,70.7,90.0
2023-06-06,Monsoon,93.0,81.3,90.8,,83.0,91.0,61.1,97.1
2023-06-07,Monsoon,74.1,81.3,91.1,,83.0,95.1,60.0,95.8
2023-06-08,Monsoon,75.0,82.1,92.2,,83.0,93.1,62.3,97.0
2023-06-09,Monsoon,80.7,78.1,94.9,,83.0,90.5,55.9,93.4
2023-06-10,Monsoon,78.2,64.0,82.1,,83.0,83.5,56.2,76.2
2023-06-11,Monsoon,75.0,32.3,62.8,,83.0,74.9,53.1,53.9
2023-06-12,Monsoon,82.4,24.5,85.5,,83.0,73.9,42.2,72.7
2023-06-13,Monsoon,68.6,41.7,79.8,,83.0,85.0,67.2,85.5
2023-06-14,Monsoon,81.7,36.0,98.7,,83.0,90.9,69.4,94.8
2023-06-15,Monsoon,84.4,65.4,80.8,,83.0,90.4,72.7,94.0
2023-06-16,Monsoon,91.5,68.7,92.3,,83.0,86.5,74.2,91.8
2023-06-17,Monsoon,79.7,73.7,98.7,,83.0,85.8,73.8,89.2
2023-06-18,Monsoon,91.5,82.5,97.3,,83.0,92.3,81.4,96.6
2023-06-19,Monsoon,91.53,74.1,98.7,,83.0,89.8,67.7,87.6
2023-06-23,Monsoon,82.1,81.1,94.9,,83.0,90.7,75.8,86.5
2023-06-24,Monsoon,87.2,83.3,84.6,,83.0,85.6,80.0,86.6
2023-06-25,Monsoon,76.9,64.8,94.9,,83.0,78.6,55.6,87.9
2023-06-26,Monsoon,86.2,69.8,94.6,,83.0,89.2,60.0,96.5
2023-06-27,Monsoon,81.0,65.6,80.8,,83.0,81.8,60.6,86.0
2023-06-28,Monsoon,72.9,60.4,74.7,,83.0,83.5,53.6,78.9
2023-06-29,Monsoon,91.6,75.6,85.9,,83.0,90.4,68.6,86.8
2023-06-30,Monsoon,79.8,72.2,76.9,,83.0,81.7,51.6,86.2
2023-07-01,Monsoon,89.1,85.4,72.7,,83.0,89.6,80.9,87.7
2023-07-02,Monsoon,79.1,78.0,76.3,,83.0,92.1,90.6,86.9
2023-07-03,Monsoon,91.0,72.0,88.5,,83.0,90.4,77.6,90.2
2023-07-04,Monsoon,83.5,69.8,88.5,,83.0,85.2,57.1,77.6
2023-07-05,Monsoon,80.4,79.9,93.4,,83.0,87.0,68.1,83.4
2023-07-08,Monsoon,77.0,57.1,84.2,,83.0,87.8,49.3,71.6
2023-07-09,Monsoon,70.4,73.3,76.8,,83.0,85.9,69.8,75.6
2023-07-10,Monsoon,85.5,72.4,91.5,,83.0,89.1,64.7,89.0
2023-07-11,Monsoon,81.7,68.8,92.6,,83.0,86.8,56.2,86.6
2023-07-12,Monsoon,86.9,74.2,90.0,,83.0,88.7,64.7,95.7
2023-07-13,Monsoon,85.2,70.0,91.5,,83.0,87.7,63.8,73.6
2023-07-14,Monsoon,84.4,65.4,73.2,,83.0,80.4,55.7,77.9
2023-07-15,Monsoon,88.2,81.5,80.5,,83.0,88.5,69.9,87.7
2023-07-17,Monsoon,88.1,80.6,93.9,,83.0,91.5,45.6,90.8
2023-07-18,Monsoon,82.1,90.1,86.4,,83.0,91.6,74.1,84.1
2023-07-19,Monsoon,84.4,66.5,72.0,,83.0,80.3,66.7,72.4
2023-07-20,Monsoon,88.8,54.3,83.5,,83.0,84.8,54.8,85.3
2023-07-21,Monsoon,86.2,51.6,72.0,,83.0,83.1,76.3,74.2
2023-07-22,Monsoon,88.2,53.3,75.6,,83.0,77.5,81.0,77.8
2023-07-23,Monsoon,88.1,55.7,87.8,,83.0,90.0,81.4,91.3
2023-07-24,Monsoon,89.9,64.1,91.5,,83.0,89.1,82.5,91.4
2023-07-25,Monsoon,88.1,73.8,70.4,,83.0,87.0,93.0,82.2
2023-07-26,Monsoon,92.5,67.7,65.0,,83.0,84.8,80.6,79.8
2023-07-27,Monsoon,86.8,66.1,68.3,,83.0,78.6,78.7,70.8
2023-07-28,Monsoon,85.2,58.2,82.9,,83.0,82.6,78.0,75.2
2023-07-29,Monsoon,88.1,77.4,80.8,,83.0,90.1,81.8,85.6
2023-07-30,Monsoon,90.8,86.7,87.2,,83.0,96.3,81.4,98.7
2023-07-31,Monsoon,90.7,83.8,88.0,,83.0,93.3,65.5,96.9
2023-08-01,Monsoon,92.5,87.4,91.8,,83.0,91.2,69.8,89.0
2023-08-02,Monsoon,88.6,81.1,78.3,,83.0,91.2,89.1,78.2
2023-08-03,Monsoon,91.4,74.5,63.4,,83.0,91.2,79.2,83.7
2023-08-04,Monsoon,88.8,81.3,84.3,,83.0,89.6,75.0,79.6
2023-08-05,Monsoon,89.0,79.8,91.4,,83.0,61.7,70.7,87.7
2023-08-06,Monsoon,93.6,80.9,82.9,,83.0,83.6,75.3,86.8
2023-08-07,Monsoon,85.6,83.2,77.1,,83.0,77.1,79.4,79.8
2023-08-08,Monsoon,93.9,88.3,85.9,,83.0,94.3,70.8,90.7
2023-08-09,Monsoon,88.0,77.6,78.3,,83.0,87.6,84.5,83.8
2023-08-10,Monsoon,82.2,64.4,64.3,,83.0,80.5,70.0,78.0
2023-08-11,Monsoon,88.2,64.2,77.1,,83.0,87.5,79.5,78.8
2023-08-13,Monsoon,90.8,84.7,91.4,,83.0,94.8,84.0,84.3
2023-08-14,Monsoon,91.1,90.7,80.0,,83.0,90.1,74.6,86.0
2023-08-15,Monsoon,91.7,90.7,90.1,,83.0,95.4,93.1,90.9
2023-08-28,Monsoon,89.9,86.4,89.4,,83.0,88.7,80.3,81.5
2023-09-20,Monsoon,84.7,85.2,87.9,,83.0,87.9,79.4,76.3
2023-10-13,Other,86.1,79.5,90.9,,83.0,89.4,50.0,75.3
2023-10-14,Other,86.1,82.9,80.3,,83.0,88.2,65.9,79.8
2023-10-15,Other,90.2,82.7,89.4,,83.0,85.6,52.6,80.5
2023-10-16,Other,78.2,75.2,78.8,,83.0,82.4,50.6,75.7
2023-10-17,Other,72.0,75.4,75.5,,83.0,83.0,45.7,80.4
2023-10-18,Other,79.8,68.9,78.5,,83.0,87.4,53.3,65.8
2023-10-19,Other,80.8,75.8,77.3,,83.0,85.6,54.4,80.0
2023-10-20,Other,77.2,81.4,95.5,,83.0,90.7,40.2,75.0
2023-10-21,Other,83.3,83.7,71.2,,83.0,88.8,57.3,81.0
2023-10-22,Other,93.1,91.0,98.5,,83.0,97.0,61.6,95.1
2023-10-23,Other,92.3,50.0,93.9,,83.0,96.2,68.4,89.4
2023-10-24,Other,86.5,81.5,89.6,,83.0,95.9,72.4,96.8
2023-10-25,Other,88.2,81.1,78.5,,83.0,87.5,57.1,84.0
2023-10-26,Other,64.0,69.9,71.2,,83.0,74.2,38.5,62.8
2023-10-27,Other,79.8,78.1,77.3,,83.0,84.6,53.8,76.1
2023-10-28,Other,92.3,86.3,86.4,,83.0,89.7,66.3,88.4
2023-10-29,Other,81.0,88.6,95.6,,83.0,92.8,51.7,91.2
2023-10-30,Other,75.3,83.3,86.6,,83.0,90.3,42.9,86.5
2023-10-31,Other,75.0,82.7,98.6,,83.0,92.4,33.3,89.8
2023-11-01,Other,79.8,83.0,89.0,,83.0,86.0,51.7,92.5
2023-11-02,Other,70.7,77.3,79.4,,83.0,84.6,39.2,79.6
2023-11-04,Other,76.2,61.2,61.2,,83.0,72.0,59.8,60.7
2023-11-05,Other,63.6,72.8,97.0,,83.0,88.7,60.0,83.9
2023-11-06,Other,71.0,76.2,61.8,,83.0,81.1,59.8,64.9
2023-11-07,Other,66.7,57.3,63.8,,83.0,81.1,61.5,70.4
2023-11-08,Other,78.1,73.4,77.9,,83.0,79.2,57.7,75.4
2023-11-09,Other,62.5,65.2,70.6,,83.0,80.2,61.0,64.9
2023-11-10,Other,65.4,51.7,60.3,,83.0,82.2,63.5,64.7
2023-11-11,Other,79.4,56.3,70.6,,83.0,80.5,71.1,76.3
2023-11-12,Other,85.3,82.6,92.8,,83.0,93.7,73.6,90.5
2023-11-13,Other,82.4,78.2,95.7,,83.0,90.8,64.1,86.8
2023-11-14,Other,60.8,75.8,91.3,,83.0,90.0,75.5,86.9
2023-11-15,Other,74.1,80.8,95.7,,83.0,91.0,77.1,88.2
2023-11-16,Other,84.9,61.3,46.4,,83.0,85.4,60.6,81.0
2023-11-17,Other,83.5,70.6,85.3,,83.0,78.4,66.3,74.1
2023-11-18,Other,70.3,54.6,76.5,,83.0,74.1,59.0,70.1
2023-11-19,Other,57.8,64.3,73.1,,83.0,69.8,55.4,64.2
2023-11-20,Other,70.6,63.6,69.7,,83.0,73.1,59.6,66.0
2023-11-21,Other,67.6,60.5,68.1,,83.0,72.5,57.3,61.8
2023-11-22,Other,74.8,69.7,78.8,,83.0,72.2,56.3,79.7
2023-11-23,Other,85.1,65.8,86.8,,83.0,82.3,60.4,79.0
2023-11-25,Other,72.5,68.9,92.6,,83.0,78.7,54.0,76.4
2023-11-26,Other,70.2,60.1,76.5,,83.0,72.5,55.4,65.1
2023-11-27,Other,85.4,60.8,72.1,,83.0,72.9,53.2,59.8
2023-11-28,Other,84.3,61.8,94.2,,83.0,73.2,57.6,79.1
2023-11-30,Other,56.6,52.9,76.5,,83.0,69.8,56.0,67.4
2023-12-01,Fog,48.5,42.4,68.1,,83.0,86.0,53.6,72.5
2023-12-02,Fog,68.0,44.2,84.1,,83.0,73.5,54.4,69.5
2023-12-03,Fog,68.0,44.2,84.1,,83.0,73.5,54.4,69.5
2023-12-04,Fog,68.0,65.1,81.8,,83.0,63.7,59.7,80.0
2023-12-06,Fog,77.0,38.8,82.6,,83.0,60.1,47.1,75.9
2023-12-07,Fog,64.7,50.0,68.1,,83.0,59.9,61.5,69.5
2023-12-08,Fog,67.0,59.8,78.3,,83.0,68.1,52.9,64.7
2023-12-10,Fog,60.2,73.2,88.4,,83.0,83.6,65.9,80.1
2023-12-11,Fog,79.6,73.6,81.2,,83.0,75.7,73.8,77.2
2023-12-12,Fog,81.8,79.9,87.1,,83.0,80.2,51.1,81.4
2023-12-13,Fog,85.6,75.8,79.7,,83.0,80.2,55.9,89.0
2023-12-14,Fog,69.1,67.3,92.8,,83.0,83.0,53.4,77.9
2023-12-15,Fog,65.0,47.9,80.6,,83.0,77.0,54.0,71.9
2023-12-16,Fog,86.7,65.6,70.8,,83.0,79.0,57.1,82.3
2023-12-18,Fog,83.7,59.5,59.7,,83.0,76.5,51.2,72.2
2023-12-19,Fog,68.4,54.2,69.0,,83.0,73.3,54.5,68.9
2023-12-20,Fog,76.3,55.8,72.2,,83.0,73.0,62.9,66.2
2023-12-21,Fog,72.3,54.2,83.3,,83.0,79.7,61.3,72.9
2023-12-22,Fog,91.5,59.6,77.5,,83.0,81.0,51.1,81.6
2023-12-23,Fog,78.4,70.2,77.7,,83.0,70.9,65.9,67.9
2023-12-25,Fog,55.7,38.8,65.3,,83.0,51.0,48.3,41.4
2023-12-26,Fog,59.2,46.4,47.9,,83.0,54.5,46.7,61.0
2023-12-27,Fog,47.4,43.5,56.9,,83.0,46.2,41.0,58.0
2023-12-28,Fog,55.8,33.2,55.7,,83.0,52.7,49.0,64.3
2023-12-29,Fog,77.9,47.2,62.5,,83.0,58.9,48.9,71.1
2023-12-30,Fog,73.5,63.8,75.0,,83.0,68.1,56.5,80.6
2023-12-31,Fog,66.7,75.8,91.5,,83.0,84.1,62.6,95.0
2024-01-01,Fog,88.2,54.9,73.6,,83.0,66.3,71.1,73.3
2024-01-02,Fog,56.5,59.5,65.3,,83.0,56.6,58.1,67.8
2024-01-03,Fog,66.0,68.7,91.4,,83.0,71.6,71.6,86.6
2024-01-04,Fog,81.9,57.8,77.1,,83.0,74.8,69.2,77.7
2024-01-05,Fog,78.1,62.8,80.6,,83.0,71.7,68.9,77.7
2024-01-06,Fog,82.3,61.4,84.7,,83.0,69.4,67.0,72.6
2024-01-07,Fog,73.7,68.1,86.1,,83.0,80.1,67.0,73.4
2024-01-08,Fog,53.1,47.6,74.3,,83.0,62.5,65.6,63.1
2024-01-09,Fog,61.5,68.3,88.8,,83.0,66.7,69.4,88.3
2024-01-10,Fog,58.3,59.6,73.2,,83.0,69.4,63.2,68.6
2024-01-11,Fog,56.4,63.8,74.6,,83.0,76.8,71.6,82.35
2024-01-12,Fog,51.0,42.5,65.7,,83.0,50.8,57.0,51.9
2024-01-13,Fog,49.0,46.8,62.7,,83.0,50.4,51.8,58.0
2024-01-14,Fog,30.2,46.8,41.8,,83.0,21.0,42.68,29.6
2024-01-15,Fog,31.3,18.6,66.2,,83.0,22.1,42.68,54.3
2024-01-16,Fog,31.3,18.6,66.2,,83.0,22.1,42.68,54.3
2024-01-17,Fog,66.0,61.9,75.6,,83.0,43.7,51.8,77.8
2024-01-18,Fog,66.0,61.9,75.6,,83.0,43.7,51.8,82.47
2024-01-19,Fog,50.0,37.7,72.2,,83.0,56.8,61.4,64.6
2024-01-20,Fog,52.8,39.6,73.6,,83.0,59.5,40.7,59.1
2024-01-21,Fog,64.0,37.7,77.8,,83.0,60.1,39.5,58.2
2024-01-22,Fog,70.7,51.9,74.7,,83.0,73.5,46.3,56.3
2024-01-23,Fog,70.7,46.5,59.7,,83.0,62.8,52.6,67.0
2024-01-24,Fog,69.2,53.5,75.7,,83.0,70.7,60.0,71.1
2024-01-25,Fog,54.8,58.6,73.6,,83.0,70.7,59.6,74.2
2024-01-26,Fog,50.6,66.2,66.7,,83.0,74.3,51.1,70.2
2024-01-27,Fog,69.1,63.3,75.7,,83.0,74.2,56.5,67.0
2024-01-28,Fog,69.2,67.2,75.7,,83.0,72.0,61.4,75.0
2024-01-29,Fog,81.9,64.1,83.1,,83.0,82.9,58.4,80.3
2024-01-30,Fog,77.1,49.4,83.8,,83.0,69.8,51.2,77.3
2024-01-31,Fog,67.0,39.4,57.5,,83.0,61.3,43.0,55.4
2024-02-01,Other,52.8,29.5,67.1,,83.0,47.7,45.8,55.6
2024-02-02,Other,67.7,29.8,69.9,,83.0,58.9,52.9,52.5
2024-02-03,Other,66.7,51.8,76.7,,83.0,63.7,59.0,66.7
2024-02-04,Other,77.8,60.2,80.8,,83.0,79.1,48.6,74.9
2024-02-05,Other,72.3,43.1,78.1,,83.0,71.3,60.8,71.0
2024-02-06,Other,52.6,59.3,43.1,,83.0,68.2,71.3,69.2
2024-02-07,Other,73.7,68.4,80.8,,83.0,72.7,67.5,78.5
2024-02-08,Other,83.0,64.7,79.5,,83.0,78.8,79.3,72.3
2024-02-09,Other,79.0,61.6,78.1,,83.0,75.0,75.0,73.2
2024-02-10,Other,84.4,58.8,63.0,,83.0,74.7,86.4,69.2
2024-02-11,Other,68.8,46.6,73.5,,83.0,76.8,62.5,56.6
2024-02-12,Other,82.3,52.9,72.9,,83.0,75.1,59.7,69.5
2024-02-13,Other,79.2,59.2,72.6,,83.0,71.6,71.4,65.3
2024-02-14,Other,79.4,59.8,74.0,,83.0,71.6,72.8,84.6
2024-02-15,Other,48.9,52.7,60.6,,83.0,80.2,71.6,65.6
2024-02-16,Other,72.6,69.4,84.5,,83.0,74.7,69.0,77.8
2024-02-17,Other,70.5,64.5,70.4,,83.0,77.8,84.1,62.4
2024-02-18,Other,72.9,71.1,85.9,,83.0,87.6,78.9,73.7
2024-02-19,Other,74.7,56.1,69.0,,83.0,79.7,64.0,59.6
2024-02-21,Other,67.4,73.8,79.2,,83.0,80.7,66.7,70.9
2024-02-22,Other,90.1,67.3,76.1,,83.0,77.9,69.0,72.0
2024-02-23,Other,76.6,62.9,61.1,,83.0,73.9,68.6,63.0
2024-02-24,Other,88.4,52.4,61.1,,83.0,69.7,63.9,54.4
2024-02-25,Other,80.0,64.2,69.4,,83.0,75.4,67.9,65.6
2024-02-26,Other,90.5,66.2,72.2,,83.0,82.6,73.3,64.3
2024-02-27,Other,83.2,77.3,95.9,,83.0,88.6,71.6,76.7
2024-02-28,Other,88.3,80.2,91.8,,83.0,79.8,54.7,76.7
2024-02-29,Other,92.1,70.8,75.0,,83.0,77.5,75.0,61.9
2024-03-01,Other,77.3,59.1,70.4,,83.0,76.0,76.2,61.9
2024-03-02,Other,68.1,60.6,60.6,,83.0,67.7,61.0,61.0
2024-03-03,Other,80.0,74.6,91.6,,83.0,75.8,59.2,82.1
2024-03-04,Other,72.7,64.7,73.2,,83.0,69.0,59.5,72.1
2024-03-05,Other,79.6,80.0,90.3,,83.0,80.7,63.9,86.1
2024-03-06,Other,82.8,74.0,90.3,,83.0,77.1,72.9,67.9
2024-03-07,Other,88.0,61.9,71.8,,83.0,76.9,72.6,65.3
2024-03-08,Other,90.3,75.4,85.9,,83.0,79.8,67.1,66.5
2024-03-09,Other,87.2,82.9,81.7,,83.0,82.9,83.1,65.0
2024-03-10,Other,85.0,84.5,90.1,,83.0,87.8,73.1,81.1
2024-03-11,Other,81.9,88.4,98.6,,83.0,88.2,77.6,89.5
2024-03-12,Other,88.3,85.6,83.3,,83.0,86.9,68.0,83.6
2024-03-13,Other,87.8,73.4,83.3,,83.0,77.8,63.5,75.4
2024-03-14,Other,84.8,79.8,85.9,,83.0,77.4,60.7,81.3
2024-03-15,Other,85.6,78.0,94.4,,83.0,80.4,64.3,86.0
2024-03-16,Other,79.1,73.7,80.3,,83.0,82.5,63.1,84.8
2024-03-17,Other,86.2,85.1,88.7,,83.0,91.9,71.1,91.2
2024-03-18,Other,91.3,79.2,87.3,,83.0,86.2,53.5,85.4
2024-03-19,Other,84.6,81.6,86.1,,83.0,79.4,51.2,87.0
2024-03-20,Other,84.4,80.9,84.7,,83.0,78.0,63.4,79.9
2024-03-21,Other,87.6,73.4,73.2,,83.0,77.5,68.8,74.4
2024-03-22,Other,87.8,77.8,84.5,,83.0,87.4,64.2,83.7
2024-03-24,Other,94.3,87.9,90.1,,83.0,87.4,85.2,88.9
2024-03-25,Other,93.4,91.0,98.6,,83.0,92.7,79.5,91.1
2024-03-26,Other,96.7,87.4,91.7,,83.0,90.6,84.0,82.27
2024-03-27,Other,80.4,80.9,93.1,,83.0,85.9,82.7,81.9
2024-03-28,Other,85.4,80.9,94.4,,83.0,88.0,76.8,81.9
2024-03-29,Other,93.3,77.8,88.9,,83.0,85.7,73.5,71.8
2024-03-30,Other,81.5,66.3,72.2,,83.0,75.9,50.6,52.2
2024-03-31,Other,79.6,75.7,88.9,,83.0,81.3,55.4,62.0
2024-04-01,Other,83.5,70.2,77.8,,83.0,81.2,70.9,51.4
2024-04-02,Other,84.3,86.0,91.9,,83.0,78.2,73.1,69.7
2024-04-03,Other,77.0,89.4,97.3,,83.0,83.0,76.6,85.9
2024-04-04,Other,81.6,84.8,86.1,,83.0,80.3,87.0,80.0
2024-04-05,Other,77.0,78.8,93.1,,83.0,77.5,73.4,73.9
2024-04-06,Other,91.0,73.3,87.5,,83.0,79.6,77.2,79.1
2024-04-07,Other,74.4,85.0,88.9,,83.0,80.9,73.7,80.0
2024-04-08,Other,79.6,80.6,94.4,,83.0,76.6,70.7,79.1
2024-04-09,Other,75.9,79.3,91.8,,83.0,82.2,62.5,89.0
2024-04-10,Other,74.7,76.5,91.8,,83.0,81.9,77.6,77.3
2024-04-11,Other,94.3,92.7,97.2,,83.0,89.8,71.1,85.4
2024-04-12,Other,78.4,81.0,91.7,,83.0,82.1,71.6,83.7
2024-04-13,Other,85.0,69.3,83.3,,83.0,78.4,67.1,74.4
2024-04-14,Other,88.9,79.8,91.7,,83.0,77.1,82.0,83.71
2024-04-15,Other,91.1,68.1,76.4,,83.0,78.1,71.6,69.8
2024-04-16,Other,94.1,84.4,94.5,,83.0,85.2,64.3,89.1
2024-04-17,Other,91.8,82.8,90.4,,83.0,81.3,51.4,92.2
2024-04-18,Other,85.5,83.8,100.0,,83.0,85.2,67.6,86.7
2024-04-19,Other,71.8,83.4,98.6,,83.0,73.4,72.6,82.7
2024-04-20,Other,80.5,77.5,100.0,,83.0,77.0,69.7,81.7
2024-04-21,Other,93.0,81.9,87.5,,83.0,84.5,76.3,84.7
2024-04-22,Other,80.2,73.2,90.3,,83.0,73.6,67.1,79.1
2024-04-24,Other,71.1,78.5,89.0,,83.0,75.7,69.6,76.9
2024-04-25,Other,78.8,74.3,86.1,,83.0,71.7,63.0,76.47
2024-04-26,Other,84.7,75.7,88.9,,83.0,75.2,66.7,69.7
2024-04-27,Other,78.4,66.3,77.8,,83.0,71.9,67.5,69.7
2024-04-28,Other,83.7,79.1,88.9,,83.0,79.8,66.7,72.7
2024-04-30,Other,78.6,81.2,89.3,,83.0,79.0,61.3,81.8
2024-05-01,Other,81.0,78.3,85.9,,83.0,69.8,71.6,77.6
2024-05-02,Other,85.7,82.8,96.1,,83.0,79.3,71.1,90.2
2024-05-03,Other,80.0,75.7,81.8,,83.0,73.2,73.9,80.4
2024-05-04,Other,88.4,80.3,79.2,,83.0,77.4,74.7,86.4
2024-05-05,Other,82.4,86.3,92.2,,83.0,83.6,74.0,85.9
2024-05-06,Other,69.4,82.5,93.4,,83.0,77.2,80.9,82.9
2024-05-07,Other,76.3,76.9,85.9,,83.0,75.2,64.7,84.2
2024-05-08,Other,71.8,78.9,88.5,,83.0,77.7,80.6,82.4
2024-05-09,Other,68.4,75.5,86.1,,83.0,71.0,58.6,85.9
2024-05-10,Other,62.5,77.9,88.3,74.0,83.0,65.7,74.6,84.9
2024-05-11,Other,67.9,46.2,70.7,54.0,83.0,60.6,67.6,69.6
2024-05-12,Other,86.3,83.0,94.8,73.0,83.0,84.0,85.9,87.6
2024-05-13,Other,73.8,62.8,65.4,56.0,83.0,77.0,70.6,71.2
2024-05-14,Other,75.0,72.0,75.9,62.0,83.0,67.1,55.9,82.1
2024-05-15,Other,78.2,76.4,82.3,75.0,83.0,74.4,61.8,79.4
2024-05-16,Other,80.0,70.7,80.8,80.0,83.0,75.3,65.7,77.1
2024-05-17,Other,82.9,72.1,94.8,54.0,83.0,81.6,55.6,82.1
2024-05-18,Other,80.3,71.6,88.5,68.0,83.0,76.9,61.0,86.0
2024-05-19,Other,80.3,71.6,88.5,68.0,83.0,76.9,61.0,86.0
2024-05-20,Other,82.5,75.3,92.4,69.0,83.0,77.1,72.1,89.1
2024-05-22,Other,71.8,66.5,70.9,67.0,83.0,74.3,61.9,77.7
2024-05-23,Other,82.3,65.2,92.3,70.0,83.0,78.1,54.5,79.8
2024-05-24,Other,87.5,81.3,85.9,68.0,83.0,77.2,70.8,83.8
2024-05-25,Other,84.0,79.6,90.8,58.0,83.0,88.0,72.7,83.7
2024-05-26,Other,58.3,79.7,91.4,84.0,83.0,84.6,70.7,89.3
2024-05-27,Other,65.0,66.5,81.6,37.0,83.0,72.3,78.0,79.5
2024-05-28,Other,62.5,78.0,93.7,46.0,83.0,73.3,67.7,86.0
2024-05-29,Other,66.7,59.4,79.2,48.0,83.0,69.4,54.2,72.8
2024-05-30,Other,69.6,64.3,96.2,77.0,83.0,82.4,61.9,89.1
2024-05-31,Other,73.7,59.6,88.2,76.0,83.0,75.3,50.9,79.0
2024-06-01,Monsoon,73.0,61.1,66.6,59.0,83.0,73.7,58.6,79.7
2024-06-02,Monsoon,81.6,69.4,75.9,70.0,83.0,78.9,74.5,87.3
2024-06-04,Monsoon,81.1,74.7,79.5,50.0,83.0,78.5,81.4,89.9
2024-06-05,Monsoon,77.6,67.8,74.0,70.0,83.0,72.2,55.9,80.6
2024-06-06,Monsoon,76.0,74.5,96.1,73.0,83.0,79.9,64.4,81.4
2024-06-07,Monsoon,81.6,74.5,90.8,52.0,83.0,78.9,64.4,82.2
2024-06-08,Monsoon,81.1,71.7,79.5,65.0,83.0,79.2,68.4,83.3
2024-06-09,Monsoon,88.2,69.4,83.1,82.0,83.0,84.0,60.8,85.8
2024-06-10,Monsoon,77.6,58.4,66.7,67.0,83.0,71.2,54.7,63.8
2024-06-11,Monsoon,75.0,66.0,80.8,65.0,83.0,77.9,51.9,80.2
2024-06-12,Monsoon,76.3,63.8,84.4,67.0,83.0,84.1,58.5,80.5
2024-06-13,Monsoon,77.3,66.3,67.1,74.0,83.0,73.4,60.3,77.3
2024-06-14,Monsoon,85.6,71.4,89.5,71.0,83.0,80.5,60.6,82.1
2024-06-15,Monsoon,89.2,54.6,94.8,66.0,83.0,84.6,50.8,84.8
2024-06-16,Monsoon,79.7,80.4,79.2,74.0,83.0,88.8,63.5,92.9
2024-06-17,Monsoon,89.0,74.2,90.9,74.0,83.0,84.6,62.9,81.6
2024-06-18,Monsoon,87.7,73.9,88.6,50.0,83.0,79.8,60.6,85.8
2024-06-19,Monsoon,72.6,66.5,88.8,46.0,83.0,83.2,58.2,87.9
2024-06-20,Monsoon,80.8,71.4,86.7,43.0,83.0,78.2,50.0,86.1
2024-06-21,Monsoon,83.8,65.4,86.5,38.0,83.0,70.5,38.2,75.9
2024-06-22,Monsoon,90.3,77.5,91.9,64.0,83.0,82.2,47.1,82.2
2024-06-23,Monsoon,87.8,68.8,89.3,58.0,83.0,79.0,52.2,76.1
2024-06-24,Monsoon,79.7,64.5,74.7,59.0,83.0,75.1,47.9,61.2
2024-06-25,Monsoon,86.5,80.3,86.8,69.0,83.0,77.2,43.3,78.1
2024-06-26,Monsoon,59.5,37.8,56.4,68.0,83.0,58.4,33.3,59.0
2024-06-29,Monsoon,66.7,55.1,63.9,64.0,83.0,59.5,50.8,65.0
2024-07-01,Monsoon,76.1,58.8,58.1,54.0,83.0,65.3,30.4,61.1
2024-07-02,Monsoon,88.7,68.6,86.7,54.0,83.0,67.1,44.2,74.7
2024-07-03,Monsoon,64.8,56.9,72.0,54.0,83.0,67.1,59.3,63.4
2024-07-04,Monsoon,82.9,59.3,80.8,63.0,83.0,69.4,39.1,69.8
2024-07-05,Monsoon,59.7,55.8,68.4,63.0,83.0,65.8,44.0,62.9
2024-07-06,Monsoon,48.5,58.2,84.7,59.0,83.0,66.2,34.5,67.7
2024-07-07,Monsoon,83.3,62.5,66.2,51.0,83.0,67.4,32.7,64.6
2024-07-08,Monsoon,66.2,43.5,50.7,48.0,83.0,53.6,32.8,44.4
2024-07-09,Monsoon,66.1,63.4,63.0,65.0,83.0,70.1,43.2,66.0
2024-07-10,Monsoon,83.6,64.2,76.0,56.0,83.0,75.8,43.2,74.9
2024-07-11,Monsoon,87.9,62.4,53.3,57.0,83.0,73.3,61.2,63.5
2024-07-12,Monsoon,66.7,53.4,50.7,57.0,83.0,61.8,34.8,56.7
2024-07-13,Monsoon,65.7,44.7,61.1,65.0,83.0,55.6,54.2,49.7
2024-07-14,Monsoon,77.5,39.3,50.0,76.0,83.0,54.6,33.3,48.7
2024-07-15,Monsoon,65.8,44.0,44.0,36.0,83.0,54.4,28.1,45.0
2024-07-16,Monsoon,73.6,65.8,82.4,63.0,83.0,64.9,43.8,64.4
2024-07-17,Monsoon,75.7,70.6,79.5,42.0,83.0,70.7,44.9,69.6
2024-07-18,Monsoon,81.4,67.6,64.9,64.0,83.0,67.2,62.5,71.9
2024-07-19,Monsoon,36.1,54.7,33.3,62.0,83.0,41.0,30.0,67.0
2024-07-20,Monsoon,70.0,63.3,64.8,69.0,83.0,55.1,32.7,83.6
2024-07-21,Monsoon,75.0,44.6,65.3,57.0,83.0,61.3,39.6,65.5
2024-07-22,Monsoon,82.9,50.0,60.0,52.0,83.0,57.5,44.0,59.7
2024-07-23,Monsoon,82.9,60.6,66.7,65.0,83.0,66.7,36.2,71.7
2024-07-24,Monsoon,78.6,63.6,56.8,60.0,83.0,58.7,44.9,58.3
2024-07-25,Monsoon,78.6,51.9,50.0,73.0,83.0,60.9,42.9,54.2
2024-07-26,Monsoon,69.4,49.5,72.6,59.0,83.0,63.2,43.4,59.3
2024-07-27,Monsoon,77.1,75.4,68.5,84.0,83.0,65.9,52.8,67.2
2024-07-28,Monsoon,87.5,71.7,80.8,85.0,83.0,78.0,58.3,80.5
2024-07-30,Monsoon,77.1,77.0,78.4,71.0,83.0,82.4,59.5,80.9
2024-07-31,Monsoon,68.6,75.8,76.7,62.0,83.0,71.9,54.2,73.1
2024-08-01,Monsoon,72.2,57.5,61.6,56.0,83.0,59.0,43.2,53.7
2024-08-03,Monsoon,72.2,57.5,61.6,56.0,83.0,59.0,43.2,53.7
2024-08-04,Monsoon,64.9,69.1,77.3,63.0,83.0,64.0,73.2,64.7
2024-08-05,Monsoon,69.0,71.7,76.6,71.0,83.0,73.9,73.2,72.5
2024-08-06,Monsoon,82.6,79.3,71.2,76.0,83.0,77.6,60.0,81.5
2024-08-07,Monsoon,75.4,78.1,85.3,71.0,83.0,72.3,50.0,77.0
2024-08-08,Monsoon,80.9,76.7,83.3,65.0,83.0,71.3,56.8,77.8
2024-08-09,Monsoon,59.9,66.7,60.3,52.0,83.0,65.7,52.2,61.0
2024-08-10,Monsoon,64.7,59.9,80.8,52.0,83.0,69.7,30.2,72.2
2024-08-11,Monsoon,68.3,58.9,80.6,65.0,83.0,67.4,44.4,62.3
2024-08-12,Monsoon,70.4,69.1,76.7,56.0,83.0,71.2,42.1,72.0
2024-08-13,Monsoon,56.5,63.5,71.4,52.0,83.0,71.2,52.5,71.2
2024-08-14,Monsoon,58.0,52.4,59.5,57.0,83.0,58.1,53.2,58.9
2024-08-15,Monsoon,69.6,79.4,69.6,77.0,83.0,72.4,68.8,80.3
2024-08-16,Monsoon,75.3,75.3,70.8,56.0,83.0,70.9,70.8,70.2
2024-08-17,Monsoon,71.8,68.1,55.6,51.0,83.0,71.3,60.0,75.2
2024-08-18,Monsoon,67.1,80.8,84.9,78.0,83.0,75.1,53.2,80.7
2024-08-19,Monsoon,77.5,82.3,72.6,65.0,83.0,69.1,51.0,74.9
2024-08-29,Monsoon,64.3,68.3,90.4,69.0,83.0,76.4,45.2,68.5
2024-08-30,Monsoon,66.2,47.9,71.2,68.0,83.0,66.2,35.7,49.3
2024-08-31,Monsoon,77.9,68.6,93.1,77.0,83.0,69.3,40.6,67.0
2024-09-01,Monsoon,65.8,70.0,86.3,66.0,83.0,69.3,40.0,71.6
2024-09-02,Monsoon,77.1,70.3,70.4,67.0,83.0,69.6,38.5,66.5
2024-09-03,Monsoon,68.1,83.1,56.5,75.0,83.0,75.9,43.2,83.6
2024-09-04,Monsoon,64.3,74.5,78.7,63.0,83.0,76.1,14.7,66.5
2024-09-05,Monsoon,58.0,71.4,63.7,79.0,83.0,71.8,40.0,73.0
2024-09-06,Monsoon,61.6,67.4,63.7,79.0,83.0,71.8,40.0,73.0
2024-09-07,Monsoon,77.9,75.1,57.5,49.0,83.0,78.6,47.4,77.8
2024-09-08,Monsoon,64.0,77.7,77.3,60.0,83.0,79.4,51.2,66.7
2024-09-09,Monsoon,75.4,73.4,69.6,68.0,83.0,72.4,51.2,62.1
2024-09-10,Monsoon,69.8,68.3,57.7,67.0,83.0,77.0,51.4,64.7
2024-09-11,Monsoon,80.7,71.7,60.0,57.0,83.0,73.8,51.4,72.5
2024-09-12,Monsoon,76.4,61.4,52.1,70.0,83.0,66.2,50.0,58.5
2024-09-13,Monsoon,60.0,60.5,48.5,71.0,83.0,61.3,50.0,58.5
2024-09-14,Monsoon,68.1,68.1,40.0,64.0,83.0,68.6,50.0,67.8
2024-09-15,Monsoon,68.9,61.5,54.8,64.0,83.0,73.7,50.0,67.2
2024-09-16,Monsoon,79.1,71.7,53.4,74.0,83.0,70.2,47.4,64.0
2024-09-17,Monsoon,77.3,80.3,73.2,82.0,83.0,86.0,68.8,89.1
2024-09-18,Monsoon,80.9,74.7,75.0,79.0,83.0,84.9,48.5,79.4
2024-09-19,Monsoon,80.6,82.5,84.5,81.0,83.0,80.2,59.4,75.5
2024-09-20,Monsoon,78.6,71.9,79.2,69.0,83.0,71.3,48.7,76.6
2024-09-21,Monsoon,77.3,81.5,58.9,83.0,83.0,77.4,69.0,76.6
2024-09-22,Monsoon,90.8,79.7,83.3,87.0,83.0,86.4,81.0,73.5
2024-09-23,Monsoon,74.0,71.5,66.7,62.0,83.0,77.3,60.0,69.5
2024-09-24,Monsoon,65.3,67.2,65.7,68.0,83.0,73.0,75.7,69.7
2024-09-25,Monsoon,61.2,64.2,55.3,43.0,83.0,60.6,64.1,51.2
2024-09-26,Monsoon,58.1,72.6,60.0,74.0,83.0,53.4,52.6,74.6
2024-09-27,Monsoon,59.7,64.4,63.9,76.0,83.0,57.1,58.5,56.7
2024-09-28,Monsoon,66.7,72.8,51.4,74.0,83.0,66.5,59.1,72.9
2024-09-29,Monsoon,69.2,77.2,58.1,81.0,83.0,78.2,72.1,75.0
2024-09-30,Monsoon,71.4,67.8,50.7,66.0,83.0,71.7,53.5,57.8
2024-10-01,Other,60.0,82.8,78.7,81.0,83.0,74.9,71.4,82.7
2024-10-02,Other,77.5,85.4,75.3,81.0,83.0,77.2,77.5,81.1
2024-10-03,Other,74.5,82.3,79.7,81.0,83.0,80.3,83.7,75.9
2024-10-04,Other,74.8,82.9,77.8,81.0,83.0,80.3,81.8,75.9
2024-10-05,Other,65.9,84.9,78.9,81.0,83.0,54.0,89.4,72.4
2024-10-06,Other,60.0,71.8,57.9,81.0,83.0,73.6,63.0,72.9
2024-10-07,Other,68.2,75.9,66.2,61.0,83.0,75.4,82.2,63.3
2024-10-08,Other,64.8,81.3,65.8,72.0,83.0,78.0,75.0,73.5
2024-10-09,Other,62.8,78.7,64.9,51.0,83.0,71.5,85.4,74.0
2024-10-10,Other,53.1,74.0,66.7,64.0,83.0,76.0,63.6,72.2
2024-10-11,Other,46.7,67.4,68.9,64.0,83.0,75.6,67.9,66.5
2024-10-12,Other,64.9,79.1,68.9,68.0,83.0,81.1,85.2,67.7
2024-10-13,Other,55.2,76.4,71.0,81.0,83.0,76.5,75.0,70.1
2024-10-14,Other,34.8,70.3,79.7,49.0,83.0,76.5,86.0,66.8
2024-10-15,Other,43.8,79.1,72.2,68.0,83.0,64.8,72.0,78.7
2024-10-16,Other,48.8,69.3,64.1,61.0,83.0,64.5,66.0,61.7
2024-10-17,Other,48.8,68.1,56.1,47.0,83.0,61.5,62.5,61.7
2024-10-18,Other,40.7,63.4,56.1,71.0,83.0,67.8,70.9,57.7
2024-10-19,Other,47.8,62.3,51.4,66.0,83.0,67.5,66.7,57.7
2024-10-20,Other,58.5,80.4,62.5,67.0,83.0,76.1,68.4,57.7
2024-10-21,Other,50.0,63.4,58.1,52.0,83.0,68.0,71.2,58.6
2024-10-22,Other,48.5,80.7,61.6,72.0,83.0,73.1,81.1,76.2
2024-10-23,Other,48.8,79.2,62.8,72.0,83.0,68.1,57.1,80.7
2024-10-24,Other,51.4,84.1,69.6,53.0,83.0,79.6,64.0,78.0
2024-10-25,Other,42.7,78.1,78.6,53.0,83.0,73.8,66.0,75.9
2024-10-26,Other,57.8,72.9,69.3,53.0,83.0,80.4,68.4,78.8
2024-10-27,Other,52.7,73.4,57.7,71.0,83.0,78.4,58.9,68.4
2024-10-28,Other,61.0,63.9,56.2,56.0,83.0,71.7,58.9,58.24
2024-10-29,Other,61.0,78.7,63.4,58.6,83.0,71.7,58.9,82.6
2024-10-30,Other,65.8,84.2,74.3,74.0,83.0,81.6,79.3,83.6
2024-10-31,Other,73.6,95.9,76.7,86.0,83.0,90.6,77.2,89.3
2024-11-01,Other,71.4,94.4,72.2,79.0,83.0,95.4,75.9,85.1
2024-11-02,Other,58.6,88.8,62.5,87.0,83.0,95.4,78.9,87.6
2024-11-03,Other,47.9,91.9,83.8,78.0,83.0,88.6,83.9,84.9
2024-11-04,Other,60.4,81.6,75.7,53.0,83.0,75.7,73.6,80.0
2024-11-05,Other,52.3,76.2,86.8,88.0,83.0,80.6,73.1,85.6
2024-11-06,Other,57.1,78.0,77.0,73.0,83.0,77.7,70.7,72.9
2024-11-07,Other,54.5,79.0,88.0,84.0,83.0,76.5,62.5,87.4
2024-11-08,Other,48.3,82.0,72.0,55.0,83.0,73.7,63.1,81.9
2024-11-09,Other,60.5,65.9,78.4,51.0,83.0,73.9,72.3,72.4
2024-11-10,Other,26.4,71.9,66.7,67.0,83.0,73.2,59.0,72.8
2024-11-11,Other,49.3,76.5,53.3,63.0,83.0,68.2,57.4,67.3
2024-11-12,Other,43.9,47.5,88.0,58.0,83.0,67.6,57.4,67.3
2024-11-13,Other,39.8,38.0,61.0,62.0,83.0,61.5,48.4,67.3
2024-11-14,Other,37.1,35.2,59.2,64.0,83.0,57.7,55.6,67.3
2024-11-15,Other,37.1,48.5,63.6,64.0,83.0,65.4,53.3,67.3
2024-11-16,Other,57.3,52.0,65.8,45.0,83.0,79.7,64.9,67.3
2024-11-17,Other,61.82,57.1,67.6,71.0,83.0,74.2,66.1,67.3
2024-11-18,Other,55.3,45.7,50.0,27.0,83.0,69.3,44.8,67.3
2024-11-19,Other,57.9,60.1,61.8,51.0,83.0,78.7,65.5,67.3
2024-11-20,Other,,75.5,57.9,70.0,83.0,79.7,73.7,67.3
2024-11-21,Other,,69.8,58.3,61.0,83.0,76.2,73.3,
2024-11-22,Other,,70.2,56.6,64.0,83.0,84.6,81.4,
2024-11-23,Other,,69.0,55.6,82.0,83.0,81.2,89.5,
2024-11-24,Other,,67.0,68.5,56.0,83.0,79.2,83.9,
2024-11-25,Other,,62.9,56.8,59.0,83.0,73.5,65.6,
2024-11-26,Other,,67.3,59.7,69.0,83.0,71.3,74.1,
2024-11-27,Other,,65.0,70.9,66.0,83.0,78.0,69.8,
2024-11-28,Other,,65.1,72.0,58.0,83.0,76.6,70.2,
2024-11-29,Other,,68.4,67.9,57.0,83.0,74.0,73.0,
2024-11-30,Other,,73.6,80.0,57.0,83.0,74.0,71.9,
2024-12-01,Fog,,58.4,68.1,68.0,83.0,80.0,69.0,
2024-12-02,Fog,,66.9,48.6,56.0,83.0,69.1,65.5,
2024-12-03,Fog,,71.4,46.7,49.0,83.0,74.3,86.0,
2024-12-04,Fog,,81.3,63.6,60.0,83.0,79.8,76.8,
2024-12-05,Fog,,63.9,50.0,68.0,83.0,74.5,65.6,
2024-12-06,Fog,,70.4,63.0,67.0,83.0,75.4,60.0,
2024-12-07,Fog,,67.7,41.1,71.0,83.0,70.1,67.2,
2024-12-08,Fog,,61.0,53.4,40.0,83.0,67.6,63.2,
2024-12-09,Fog,,62.6,65.8,72.0,83.0,73.7,39.3,
2024-12-10,Fog,,71.1,73.9,68.0,83.0,76.6,54.1,
2024-12-11,Fog,,73.9,39.0,64.0,83.0,68.1,52.0,
2024-12-12,Fog,,74.4,61.6,66.0,83.0,69.4,51.8,
2024-12-13,Fog,,64.7,42.7,66.0,83.0,69.0,50.8,
2024-12-14,Fog,,77.5,73.0,69.0,83.0,77.7,51.6,
2024-12-15,Fog,,66.9,69.4,64.0,83.0,73.2,78.3,
2024-12-16,Fog,,66.1,52.7,52.0,83.0,74.6,63.5,
2024-12-17,Fog,,79.9,70.7,87.0,83.0,81.0,63.9,
2024-12-18,Fog,,81.8,63.6,68.0,83.0,81.7,61.3,
2024-12-19,Fog,,72.6,54.7,58.0,83.0,77.0,61.3,
2024-12-20,Fog,,68.5,68.5,58.0,83.0,76.3,54.1,
2024-12-21,Fog,,77.6,69.3,51.0,83.0,69.4,66.2,
2024-12-22,Fog,,78.2,63.0,59.0,83.0,73.4,77.0,
2024-12-23,Fog,,78.4,72.6,70.0,83.0,75.4,67.2,
2024-12-24,Fog,,81.8,82.7,63.0,83.0,78.9,65.6,
2024-12-25,Fog,,88.0,70.1,41.0,83.0,85.2,65.6,
2024-12-26,Fog,,88.4,74.7,58.0,83.0,83.9,61.3,
2024-12-27,Fog,,69.3,62.7,65.0,83.0,70.9,54.0,
2024-12-28,Fog,,85.1,73.1,73.0,83.0,77.5,75.0,
2024-12-29,Fog,,82.9,61.4,69.0,,82.0,72.1,
2024-12-30,Fog,,78.8,73.6,85.0,,79.6,72.3,
2025-01-01,Fog,,87.5,72.2,61.0,,80.9,71.2,
2025-01-02,Fog,,72.1,80.3,53.0,,75.0,54.0,
2025-01-03,Fog,,69.9,52.0,30.0,,67.5,54.0,
2025-01-04,Fog,,51.2,40.9,28.0,,61.6,45.6,
2025-01-05,Fog,,73.8,69.6,50.0,,71.0,60.0,
2025-01-06,Fog,,66.1,57.1,38.0,,58.5,46.9,
2025-01-07,Fog,,79.9,53.5,67.0,,71.8,54.4,
2025-01-28,Fog,,86.7,89.2,65.0,,91.1,63.5,
2025-01-29,Fog,,88.5,80.3,80.0,,85.0,51.9,
2025-01-30,Fog,,80.6,92.1,45.0,,85.9,68.0,
2025-01-31,Fog,,84.8,98.7,89.0,,86.5,60.4,
2025-02-01,Other,,65.3,84.2,48.0,,72.8,50.9,
2025-02-02,Other,,84.9,76.0,66.0,,81.7,67.9,
2025-02-03,Other,,76.1,87.7,48.0,,82.5,72.5,
2025-02-04,Other,,80.0,89.3,68.0,,75.7,82.5,
2025-02-05,Other,,88.7,86.7,50.0,,82.4,63.6,
2025-02-06,Other,,83.4,94.7,66.0,,85.3,68.5,
2025-02-07,Other,,89.0,92.2,85.0,,91.3,61.5,
2025-02-09,Other,,89.4,84.0,66.0,,87.1,66.6,
2025-02-10,Other,,78.8,82.2,56.0,,82.0,73.2,
2025-02-11,Other,,88.4,84.2,69.0,,85.8,95.4,
2025-02-12,Other,,87.5,79.5,73.0,,83.9,79.3,
2025-02-13,Other,,72.9,73.7,77.0,,80.4,75.0,
2025-02-14,Other,,86.4,90.5,69.0,,82.4,75.0,
2025-02-15,Other,,83.5,98.7,68.0,,85.2,68.4,
2025-02-16,Other,,88.7,86.7,68.0,,87.7,72.2,
2025-02-17,Other,,77.0,63.2,57.0,,75.9,71.4,
2025-02-18,Other,,85.3,71.4,74.0,,82.5,62.3,
2025-02-19,Other,,78.5,71.6,61.0,,81.6,60.7,
2025-02-20,Other,,62.2,48.7,56.0,,68.7,69.8,
2025-02-21,Other,,71.2,87.0,56.0,,77.6,73.2,
2025-02-22,Other,,75.4,74.3,56.0,,75.9,81.8,
2025-02-23,Other,,83.9,82.9,61.0,,88.5,60.8,
2025-02-24,Other,,80.3,64.4,59.0,,79.3,70.7,
2025-02-25,Other,,80.8,86.1,64.0,,91.9,61.5,
2025-02-26,Other,,75.2,74.7,57.0,,84.2,56.0,
2025-02-27,Other,,80.8,80.5,69.0,,81.8,61.4,
2025-03-03,Other,,76.4,74.4,74.0,,76.8,78.7,
2025-03-04,Other,,89.2,80.5,79.0,,86.3,76.7,
2025-03-05,Other,,74.3,67.9,74.0,,76.3,69.5,
2025-03-06,Other,,80.5,79.0,74.0,,90.8,80.0,
2025-03-07,Other,,88.7,83.8,73.0,,90.8,90.0,
2025-03-08,Other,,90.2,89.6,90.0,,92.4,80.3,
2025-03-09,Other,,89.4,100.0,81.0,,92.1,87.5,
2025-03-10,Other,,83.9,77.3,72.0,,85.2,70.0,
2025-03-11,Other,,88.7,97.4,85.0,,91.4,78.1,
2025-03-12,Other,,86.1,90.4,72.0,,87.1,85.1,
2025-03-13,Other,,87.8,89.0,72.0,,87.1,88.2,
2025-03-14,Other,,97.0,93.8,67.0,,94.4,83.3,
2025-03-15,Other,,91.1,93.6,80.0,,73.3,80.0,
2025-03-16,Other,,93.7,92.1,73.0,,94.4,78.3,
2025-03-17,Other,,85.2,86.4,77.0,,89.5,68.3,
2025-03-18,Other,,91.3,94.9,58.0,,89.9,72.9,
2025-03-19,Other,,84.7,85.5,88.0,,89.7,72.9,
2025-03-20,Other,,84.3,86.7,82.0,,87.1,70.5,
2025-03-21,Other,,90.4,88.8,59.0,,89.1,78.7,
2025-03-22,Other,,86.1,87.0,87.0,,82.0,64.9,
2025-03-23,Other,,96.8,98.7,94.0,,93.3,83.6,
2025-03-24,Other,,74.7,80.5,58.0,,86.0,78.7,
2025-03-25,Other,,87.3,94.9,82.0,,93.1,87.7,
2025-03-26,Other,,85.9,91.0,62.0,,92.0,73.3,
2025-03-27,Other,,87.8,95.0,72.0,,89.1,84.1,
2025-03-28,Other,,89.4,94.9,84.0,,90.0,68.7,
2025-03-30,Other,,92.6,88.0,55.0,,94.7,74.0,
2025-03-31,Other,,87.7,94.8,75.0,,91.1,92.7,
2025-04-01,Other,,93.6,100.0,87.0,,92.8,62.0,
2025-04-02,Other,,92.3,91.4,63.0,,94.9,87.2,
2025-04-03,Other,,92.0,77.6,84.0,,96.5,77.6,
2025-04-07,Other,,81.2,85.7,78.0,,88.0,63.8,
2025-04-08,Other,,63.0,67.1,56.0,,74.1,52.1,
2025-04-09,Other,,64.2,72.0,55.0,,68.4,44.7,
2025-04-10,Other,,71.6,75.0,47.0,,70.6,62.5,
2025-04-11,Other,,55.9,72.4,41.0,,70.1,62.5,
2025-04-12,Other,,36.3,70.5,41.0,,61.8,50.9,
2025-04-13,Other,,63.5,73.7,74.0,,74.6,81.6,
2025-04-14,Other,,63.9,83.1,59.0,,77.6,60.8,
2025-04-15,Other,,61.0,72.7,70.6,,69.4,60.8,
2025-04-16,Other,,50.7,62.7,37.0,,63.4,55.3,
2025-04-17,Other,,62.8,64.6,43.0,,63.4,52.0,
2025-04-18,Other,,63.6,70.5,43.0,,70.9,72.5,
2025-04-19,Other,,69.8,75.3,43.0,,75.5,72.5,
2025-04-20,Other,,59.7,69.2,41.0,,72.9,72.5,
2025-04-21,Other,,75.3,86.1,50.0,,80.5,58.3,
2025-04-22,Other,,83.7,89.6,42.0,,89.2,58.3,
2025-04-23,Other,,91.9,86.0,69.0,,84.4,81.6,
2025-04-24,Other,,90.3,92.4,74.0,,87.5,68.0,
2025-04-25,Other,,88.1,88.5,64.0,,87.0,83.7,
2025-04-26,Other,,82.8,96.3,81.0,,86.9,75.9,
2025-04-27,Other,,89.1,89.6,67.0,,94.2,71.7,
2025-04-28,Other,,62.6,77.8,44.0,,75.5,60.9,
2025-04-29,Other,,80.3,84.6,81.0,,87.2,60.9,
2025-04-30,Other,,71.8,70.9,65.0,,78.6,60.9,
2025-05-01,Other,,81.6,81.5,74.0,,78.4,70.5,
2025-05-02,Other,,81.6,81.5,44.0,,65.3,60.0,
2025-05-03,Other,,81.6,93.8,67.0,,80.1,69.0,
2025-05-04,Other,,81.6,93.8,67.0,,82.6,76.7,
2025-05-05,Other,,84.2,93.8,57.0,,82.7,50.0,
2025-05-06,Other,,84.2,84.8,80.0,,86.8,66.7,
2025-05-07,Other,,78.7,64.2,54.0,,80.1,65.8,
2025-05-08,Other,,88.5,75.3,58.0,,90.0,64.7,
2025-05-09,Other,,81.7,75.3,65.0,,85.8,54.8,
2025-05-10,Other,,93.2,75.3,72.0,,87.6,55.6,
2025-05-11,Other,,89.8,82.7,52.0,,93.0,66.0,
2025-05-12,Other,,95.8,96.5,52.0,,96.2,66.7,
2025-05-13,Other,,91.5,91.6,58.0,,93.5,69.4,
2025-05-14,Other,,95.3,96.4,76.0,,96.6,72.1,
2025-05-15,Other,,91.1,83.3,77.0,,96.6,54.5,
2025-05-16,Other,,84.7,85.4,37.0,,87.2,63.0,
2025-05-17,Other,,80.5,90.8,63.0,,85.5,66.1,
2025-05-18,Other,,92.4,90.6,48.0,,95.0,66.1,
2025-05-19,Other,,92.4,85.4,67.0,,91.9,77.6,
2025-05-20,Other,,88.4,72.2,77.0,,85.8,68.8,
2025-05-21,Other,,74.7,64.8,54.0,,79.9,30.0,
2025-05-22,Other,,75.8,65.8,71.0,,76.4,49.0,
2025-05-23,Other,,79.7,80.2,64.0,,77.8,59.6,
2025-05-24,Other,,86.0,90.5,83.0,,90.3,55.0,
2025-05-25,Other,,58.7,72.9,61.0,,66.0,27.5,
2025-05-26,Other,,51.9,61.4,63.0,,69.1,19.6,
2025-05-27,Other,,77.2,80.5,62.0,,77.7,51.0,
2025-05-28,Other,,77.2,65.9,62.0,,77.1,58.1,
2025-05-29,Other,,71.4,65.5,76.0,,77.0,51.2,
2025-05-30,Other,,79.5,87.1,45.0,,87.0,60.0,
2025-05-31,Other,,83.1,77.8,64.0,,82.4,62.8,
2025-06-01,Monsoon,,66.8,61.9,66.0,,77.8,64.7,
2025-06-02,Monsoon,,66.8,88.1,74.0,,86.3,50.0,
2025-06-03,Monsoon,,86.7,90.5,61.0,,84.1,58.0,
2025-06-04,Monsoon,,86.7,89.7,65.0,,84.0,51.4,
2025-06-05,Monsoon,,76.6,78.3,77.0,,87.9,73.0,
2025-06-06,Monsoon,,78.9,83.3,80.0,,84.9,60.5,
2025-06-07,Monsoon,,85.7,86.6,80.0,,86.8,83.3,
2025-06-08,Monsoon,,89.4,90.1,79.0,,93.4,92.5,
2025-06-09,Monsoon,,86.3,85.7,53.0,,88.2,77.8,
2025-06-10,Monsoon,,86.7,92.9,62.0,,90.7,75.7,
2025-06-11,Monsoon,,84.4,84.5,76.0,,88.7,81.1,
2025-06-12,Monsoon,,84.4,95.2,75.0,,86.5,56.4,
2025-06-13,Monsoon,,60.9,77.8,40.0,,83.8,63.2,
2025-06-14,Monsoon,,67.1,72.8,44.0,,87.7,60.5,
2025-06-15,Monsoon,,60.5,78.1,51.0,,76.6,51.4,
2025-06-16,Monsoon,,60.5,64.7,60.0,,74.4,61.5,
2025-06-17,Monsoon,,54.6,85.9,54.0,,75.7,66.7,
2025-06-18,Monsoon,,62.9,70.2,65.0,,82.3,52.6,
2025-06-19,Monsoon,,62.9,76.8,68.0,,82.2,47.2,
2025-06-20,Monsoon,,62.9,91.5,50.0,,87.4,75.0,
2025-06-21,Monsoon,,62.9,94.1,50.0,,93.1,60.0,
2025-06-22,Monsoon,,62.9,91.7,62.0,,83.9,70.3,
2025-06-23,Monsoon,,62.9,86.9,58.0,,76.2,76.2,
2025-06-24,Monsoon,,62.9,86.9,54.0,,87.3,75.8,
2025-06-25,Monsoon,,62.9,81.2,53.0,,91.5,70.3,
2025-06-26,Monsoon,,62.9,83.1,56.0,,82.4,60.5,
2025-06-27,Monsoon,,62.9,90.7,74.0,,88.7,71.1,
2025-06-28,Monsoon,,62.9,91.4,50.0,,88.4,71.1,
2025-06-29,Monsoon,,80.7,85.4,61.0,,88.7,76.9,
2025-06-30,Monsoon,,80.7,84.2,52.0,,84.3,77.1,
2025-07-01,Monsoon,,80.8,92.3,44.0,,89.9,88.2,
2025-07-02,Monsoon,,84.5,88.9,72.0,,90.1,90.6,
2025-07-03,Monsoon,,84.5,88.8,57.0,,89.2,81.8,
2025-07-04,Monsoon,,84.5,87.3,72.0,,81.8,53.3,
2025-07-05,Monsoon,,84.5,89.9,100.0,,90.4,62.9,
2025-07-06,Monsoon,,84.5,96.0,66.0,,92.7,65.7,
2025-07-07,Monsoon,,78.6,96.0,42.0,,87.1,65.6,
2025-07-08,Monsoon,,78.6,96.2,62.0,,86.5,90.6,
2025-07-09,Monsoon,,79.3,85.0,81.0,,89.8,87.9,
2025-07-10,Monsoon,,78.8,71.3,33.0,,90.5,70.3,
2025-07-11,Monsoon,,86.7,89.9,27.0,,95.9,76.3,
2025-07-12,Monsoon,,86.7,91.4,74.0,,93.6,80.6,
2025-07-13,Monsoon,,81.8,85.5,82.0,,95.0,73.2,
2025-07-14,Monsoon,,77.1,68.4,54.0,,87.7,73.0,
2025-07-15,Monsoon,,81.1,89.9,37.0,,90.3,75.0,
2025-07-16,Monsoon,,84.2,91.3,67.0,,92.0,85.0,
2025-07-17,Monsoon,,84.2,81.5,64.0,,91.4,84.1,
2025-07-18,Monsoon,,84.2,91.1,64.0,,90.3,73.8,
2025-07-19,Monsoon,,88.8,92.8,65.0,,90.3,51.4,
2025-07-20,Monsoon,,95.2,78.1,65.0,,90.3,56.4,
2025-07-21,Monsoon,,81.0,61.7,59.0,,80.8,61.8,
2025-07-22,Monsoon,,81.0,85.9,49.0,,80.8,82.9,
2025-07-23,Monsoon,,81.0,87.8,76.0,,90.8,80.0,
2025-07-24,Monsoon,,81.0,92.4,81.0,,94.7,63.2,
2025-07-25,Monsoon,,81.0,86.3,37.0,,87.4,56.3,
2025-07-26,Monsoon,,81.0,89.2,69.0,,91.3,57.1,
2025-07-27,Monsoon,,81.0,93.9,75.0,,91.3,73.7,
2025-07-28,Monsoon,,81.0,87.7,76.0,,93.3,81.1,
2025-07-29,Monsoon,,81.0,98.7,85.0,,90.9,71.4,
2025-07-30,Monsoon,,81.0,81.5,76.0,,93.2,52.6,
2025-07-31,Monsoon,,81.0,84.8,73.0,,88.8,80.6,
2025-08-01,Monsoon,,81.0,86.3,74.0,,94.9,73.5,
2025-08-02,Monsoon,,81.0,83.8,93.0,,95.9,54.3,
2025-08-03,Monsoon,,81.0,94.9,93.0,,97.3,82.9,
2025-08-04,Monsoon,,81.4,92.6,93.0,,89.3,70.6,
2025-08-05,Monsoon,,81.4,96.3,63.0,,91.2,73.3,
2025-08-06,Monsoon,,85.8,90.5,63.0,,91.8,89.2,
2025-08-07,Monsoon,,87.4,79.5,53.0,,86.3,79.5,
2025-08-08,Monsoon,,87.4,94.9,51.0,,92.2,84.6,
2025-08-09,Monsoon,,71.9,87.7,71.0,,87.9,84.1,
2025-08-10,Monsoon,,90.3,92.5,80.0,,94.5,87.0,
2025-08-11,Monsoon,,86.6,92.2,61.0,,93.8,81.1,
2025-08-12,Monsoon,,90.1,97.6,59.0,,94.5,94.9,
2025-08-13,Monsoon,,85.7,90.5,50.0,,85.3,75.0,
2025-08-14,Monsoon,,72.9,84.3,61.0,,70.5,57.1,
2025-08-15,Monsoon,,84.9,92.5,62.0,,91.9,75.7,
2025-08-16,Monsoon,,84.9,91.3,65.0,,91.9,87.5,
2025-08-17,Monsoon,,84.9,91.1,81.0,,91.1,67.6,
2025-08-18,Monsoon,,63.2,73.2,58.0,,79.0,60.5,
2025-08-19,Monsoon,,64.7,59.3,80.0,,71.4,60.5,
2025-08-20,Monsoon,,64.7,74.7,62.0,,84.2,60.0,
2025-08-21,Monsoon,,86.9,81.5,74.0,,92.7,69.2,
2025-08-22,Monsoon,,90.2,86.7,71.0,,92.0,80.0,
2025-08-23,Monsoon,,85.3,69.6,67.0,,91.7,70.0,
2025-08-24,Monsoon,,85.3,87.2,35.0,,95.2,87.2,
2025-08-25,Monsoon,,80.1,90.1,72.0,,89.5,70.3,
2025-08-26,Monsoon,,85.2,95.0,74.0,,92.0,80.0,
2025-08-27,Monsoon,,95.8,95.6,41.0,,95.8,89.7,
2025-08-28,Monsoon,,95.8,94.9,73.0,,95.0,89.7,
2025-08-29,Monsoon,,81.7,94.7,40.0,,88.7,78.0,
2025-08-30,Monsoon,,81.7,98.7,80.0,,94.0,77.5,
2025-08-31,Monsoon,,81.7,97.4,100.0,,94.7,88.89,
2025-09-01,Monsoon,,79.9,85.3,100.0,,81.8,74.3,
2025-09-02,Monsoon,,77.3,94.8,100.0,,86.8,65.8,
2025-09-03,Monsoon,,77.3,78.5,82.0,,81.7,69.2,
2025-09-04,Monsoon,,77.3,85.9,86.0,,86.0,51.4,
2025-09-05,Monsoon,,73.6,84.0,85.0,,86.0,51.4,
2025-09-06,Monsoon,,73.6,77.3,76.0,,87.7,72.1,
2025-09-07,Monsoon,,86.6,97.3,77.0,,94.7,77.5,
2025-09-08,Monsoon,,80.1,94.7,88.0,,90.0,73.2,
2025-09-09,Monsoon,,83.1,97.4,63.0,,94.0,78.4,
2025-09-10,Monsoon,,84.8,88.5,65.0,,94.1,68.3,
2025-09-11,Monsoon,,84.0,94.9,63.0,,90.3,89.2,
2025-09-12,Monsoon,,84.0,93.4,71.0,,92.4,71.1,
2025-09-13,Monsoon,,91.5,94.7,71.0,,93.5,78.1,
2025-09-14,Monsoon,,87.7,93.4,100.0,,93.4,79.4,
2025-09-15,Monsoon,,60.9,47.4,61.0,,69.7,59.4,
2025-09-16,Monsoon,,87.8,93.8,89.0,,91.6,65.5,
2025-09-17,Monsoon,,63.8,87.7,51.0,,82.2,60.0,
2025-09-18,Monsoon,,70.4,87.7,74.0,,84.6,58.8,
2025-09-19,Monsoon,,80.8,85.9,88.0,,87.9,67.6,
2025-09-20,Monsoon,,83.9,92.0,48.0,,88.6,73.0,
2025-09-21,Monsoon,,87.8,87.0,94.0,,89.6,86.8,
2025-09-22,Monsoon,,88.7,93.8,74.0,,90.4,78.4,
2025-09-23,Monsoon,,91.9,88.8,74.0,,88.8,84.2,
2025-09-25,Monsoon,,80.1,84.0,65.0,,78.3,76.9,
2025-09-26,Monsoon,,80.1,91.0,71.0,,83.1,81.0,
2025-09-27,Monsoon,,70.7,92.2,61.0,,82.6,67.4,
2025-09-28,Monsoon,,61.7,80.52,30.0,,80.5,65.3,
2025-09-29,Monsoon,,75.7,86.1,64.0,,80.0,80.0,
2025-09-30,Monsoon,,69.2,72.8,45.0,,76.5,64.4,
2025-10-01,Other,,69.2,89.9,50.0,,85.8,84.6,
2025-10-02,Other,,81.6,80.0,42.0,,90.5,62.3,
2025-10-03,Other,,88.4,87.5,84.0,,91.8,64.0,
2025-10-04,Other,,88.4,75.7,82.0,,87.7,75.9,
2025-10-05,Other,,88.4,71.4,68.0,,88.6,62.0,
2025-10-06,Other,,79.2,76.9,84.0,,84.6,67.4,
2025-10-07,Other,,64.9,72.4,48.0,,79.1,59.5,
2025-10-08,Other,,79.3,81.5,74.0,,80.0,65.1,
2025-10-09,Other,,83.4,84.2,52.0,,83.8,67.4,
2025-10-10,Other,,87.4,68.8,85.0,,84.6,81.1,
2025-10-11,Other,,88.3,88.8,67.0,,90.6,58.7,
2025-10-12,Other,,91.5,93.5,96.0,,96.0,60.0,
2025-10-13,Other,,87.1,81.8,63.0,,88.9,65.0,
2025-10-14,Other,,87.1,82.9,53.0,,84.6,64.3,
2025-10-15,Other,,87.1,79.5,86.0,,78.8,58.8,
2025-10-16,Other,,75.9,84.2,70.0,,77.2,60.9,
2025-10-17,Other,,75.9,72.8,70.0,,78.3,60.0,
2025-10-18,Other,,74.3,73.5,65.0,,74.7,60.4,
2025-10-19,Other,,88.8,85.7,71.0,,89.5,70.5,
2025-10-20,Other,,89.3,80.0,61.0,,92.8,81.3,
2025-10-21,Other,,93.4,94.9,71.0,,89.2,80.0,
2025-10-22,Other,,87.9,84.3,78.0,,89.1,80.9,
2025-10-23,Other,,92.5,95.2,88.0,,91.9,80.8,
2025-10-24,Other,,80.4,83.3,82.0,,81.5,67.3,
2025-10-25,Other,,85.3,80.3,70.0,,77.2,69.1,
2025-10-26,Other,,85.3,82.9,59.0,,81.9,71.1,
2025-10-27,Other,,73.3,81.9,85.0,,72.0,75.6,
2025-10-28,Other,,73.7,78.8,84.0,,73.8,60.0,
2025-10-29,Other,,75.9,77.4,59.0,,64.2,60.4,
2025-10-30,Other,,,72.3,84.0,,73.3,50.0,
2025-10-31,Other,,56.0,75.3,74.0,,68.6,63.0,
2025-11-01,Other,,67.3,76.5,52.0,,66.9,55.4,
2025-11-02,Other,,71.9,50.0,57.0,,72.1,55.4,
2025-11-03,Other,,71.9,61.9,67.0,,64.2,60.0,
2025-11-04,Other,,60.4,65.1,81.0,,61.2,68.3,
2025-11-05,Other,,64.1,81.0,52.0,,63.0,70.0,
2025-11-06,Other,,72.6,95.2,66.0,,71.7,57.1,
2025-11-07,Other,,49.6,61.6,38.0,,52.8,50.7,
2025-11-08,Other,,74.6,73.5,67.0,,59.4,62.8,
2025-11-09,Other,,80.0,78.8,82.0,,66.9,60.8,
2025-11-10,Other,,80.0,68.7,60.0,,76.1,59.7,
2025-11-11,Other,,74.9,80.5,70.0,,76.8,68.7,
2025-11-12,Other,,69.0,83.7,54.0,,76.7,65.7,
2025-11-13,Other,,71.8,75.3,89.0,,77.1,62.2,
2025-11-14,Other,,71.8,74.4,49.0,,69.8,56.9,
2025-11-15,Other,,70.7,74.7,72.0,,72.0,55.1,
2025-11-16,Other,,68.8,74.1,58.0,,79.5,70.5,
2025-11-17,Other,,64.2,74.7,61.0,,74.6,65.4,
2025-11-18,Other,,83.1,86.1,67.0,,81.8,73.0,
2025-11-19,Other,,74.0,89.5,65.0,,77.5,61.0,
2025-11-20,Other,,85.7,69.6,85.0,,78.9,68.1,
2025-11-21,Other,,72.0,80.0,51.0,,70.3,64.0,
2025-11-22,Other,,71.6,85.5,59.0,,66.2,59.0,
2025-11-23,Other,,71.6,72.9,80.0,,72.3,60.5,
2025-11-24,Other,,71.6,64.3,80.0,,65.5,70.0,
2025-11-25,Other,,62.2,54.7,81.0,,54.4,56.3,
2025-11-26,Other,,61.7,70.2,60.0,,42.8,59.4,
2025-11-27,Other,,69.2,71.4,73.0,,49.1,62.0,
2025-11-28,Other,,63.3,61.6,73.0,,58.1,57.1,
2025-11-29,Other,,63.3,86.8,73.0,,58.8,70.4,
2025-11-30,Other,,68.3,89.3,65.0,,59.6,69.3,
2025-12-01,Fog,,68.3,78.8,57.0,,49.5,68.9,
2025-12-02,Fog,,67.2,73.2,38.0,,35.0,82.5,
2025-12-03,Fog,,77.2,42.5,66.0,,20.7,56.2,
2025-12-07,Fog,,77.2,43.0,66.0,,78.2,67.1,
2025-12-08,Fog,,68.9,55.0,77.0,,85.7,65.1,
2025-12-09,Fog,,78.1,63.4,95.0,,87.3,70.0,
2025-12-10,Fog,,83.2,58.3,70.0,,84.4,76.0,
2025-12-11,Fog,,74.9,75.3,87.0,,84.4,62.5,
2025-12-12,Fog,,59.6,59.5,57.0,,78.7,51.9,
2025-12-13,Fog,,66.5,59.5,73.0,,74.3,58.5,
2025-12-14,Fog,,58.0,57.3,77.0,,78.3,68.4,
2025-12-15,Fog,,58.0,57.3,68.0,,54.7,48.8,
2025-12-16,Fog,,46.1,49.4,78.0,,65.6,62.2,
2025-12-17,Fog,,46.1,53.6,62.0,,68.3,50.0,
2025-12-18,Fog,,63.7,58.2,57.0,,61.6,47.05,
2025-12-19,Fog,,35.8,45.1,57.0,,45.0,57.9,
2025-12-20,Fog,,68.3,63.8,54.0,,56.1,57.9,
2025-12-21,Fog,,68.3,63.8,58.0,,48.8,68.4,
2025-12-22,Fog,,63.4,34.6,69.0,,50.0,63.0,
2025-12-23,Fog,,69.09,47.0,63.0,,58.8,57.0,
2025-12-24,Fog,,64.4,52.9,43.0,,62.2,57.0,
2025-12-25,Fog,,76.9,51.8,19.0,,57.5,56.57,
2025-12-26,Fog,,81.2,51.8,48.0,,66.1,62.2,
2025-12-27,Fog,,79.8,67.1,50.0,,68.2,60.0,
2025-12-28,Fog,,81.4,72.0,86.0,,75.4,81.3,
2025-12-29,Fog,,81.4,52.5,28.0,,64.6,63.2,
2025-12-30,Fog,,77.2,56.8,25.0,,71.4,64.7,
2025-12-31,Fog,,77.2,71.4,66.0,,80.8,64.3,
2026-01-01,Fog,,74.0,68.8,27.0,,69.4,74.7,
2026-01-02,Fog,,74.0,58.0,33.0,,55.1,63.4,
2026-01-03,Fog,,81.4,55.8,33.0,,59.2,72.0,
2026-01-04,Fog,,74.7,53.8,63.0,,55.4,69.4,
2026-01-05,Fog,,,52.6,50.0,,50.7,55.3,
2026-01-06,Fog,,,45.7,59.0,,56.4,51.9,
2026-01-07,Fog,,72.1,44.9,68.0,,54.0,54.7,
2026-01-08,Fog,,72.1,44.9,83.0,,54.0,64.0,
2026-01-09,Fog,,72.1,44.9,79.0,,66.0,65.9,
2026-01-10,Fog,,72.1,55.8,77.0,,63.4,65.8,
2026-01-11,Fog,,74.8,48.8,96.0,,70.09,73.0,
2026-01-12,Fog,,67.1,59.5,49.0,,70.2,72.0,
2026-01-13,Fog,,67.1,53.7,84.0,,77.3,74.0,
2026-01-14,Fog,,67.1,61.5,80.0,,69.4,77.1,
2026-01-15,Fog,,67.9,54.3,62.0,,63.7,66.3,
2026-01-16,Fog,,67.9,55.3,79.0,,74.9,80.0,
2026-01-17,Fog,,73.6,56.8,58.0,,70.3,70.9,
2026-01-18,Fog,,57.8,36.3,70.0,,59.1,63.9,
2026-01-19,Fog,,61.5,53.4,79.0,,66.1,69.1,
2026-01-20,Fog,,70.62,56.58,62.0,,75.1,71.3,
2026-01-21,Fog,,70.62,60.3,79.0,,73.3,76.6,
2026-01-22,Fog,,70.5,66.7,54.0,,76.8,72.2,
2026-01-23,Fog,,70.5,54.7,70.0,,68.5,66.7,
2026-01-24,Fog,,70.5,68.5,67.0,,72.7,59.7,
2026-01-25,Fog,,70.5,82.9,80.0,,86.0,79.7,
2026-01-26,Fog,,73.6,66.7,70.0,,83.2,67.9,
2026-01-27,Fog,,62.5,68.4,83.0,,71.9,64.2,
2026-01-28,Fog,,62.5,74.1,68.0,,76.3,60.2,
2026-01-29,Fog,,62.5,71.1,66.0,,74.5,60.2,
2026-01-30,Fog,,62.5,71.1,66.0,,74.5,60.2,
2026-01-31,Fog,,72.8,75.6,72.0,,73.5,65.5,
2026-02-01,Other,,78.1,63.4,85.0,,75.2,64.3,
2026-02-02,Other,,72.7,69.2,71.0,,70.4,58.4,
2026-02-03,Other,,72.7,53.0,64.0,,73.9,69.4,
2026-02-04,Other,,72.7,74.7,76.0,,76.4,62.2,
2026-02-05,Other,,54.5,72.0,60.0,,77.4,54.4,
2026-02-06,Other,,65.1,72.6,75.0,,75.3,60.9,
2026-02-07,Other,,70.84,67.09,63.0,,69.5,61.8,
2026-02-08,Other,,59.1,77.1,77.0,,67.7,61.3,
2026-02-09,Other,,59.0,61.7,72.0,,64.9,61.3,
2026-02-10,Other,,68.5,73.5,89.0,,75.2,56.0,
2026-02-11,Other,,72.6,85.5,69.0,,78.8,63.2,
2026-02-12,Other,,59.3,73.2,63.0,,74.8,51.1,
2026-02-13,Other,,74.5,77.7,52.0,,82.1,52.4,
2026-02-14,Other,,77.0,77.8,69.0,,83.3,53.7,
2026-02-15,Other,,69.8,73.8,95.0,,84.1,52.4,
2026-02-16,Other,,64.6,69.4,65.0,,77.3,60.5,
2026-02-17,Other,,61.2,72.1,75.0,,73.5,56.0,
2026-02-18,Other,,61.2,61.9,81.0,,72.5,54.0,
2026-02-19,Other,,61.2,60.0,75.0,,72.5,60.5,
2026-02-20,Other,,70.5,60.0,76.0,,86.8,60.5,
2026-02-21,Other,,70.6,65.9,52.0,,90.5,64.0,
2026-02-22,Other,,71.0,66.3,76.0,,84.5,70.1,
2026-02-23,Other,,62.7,63.0,43.0,,79.8,58.0,
2026-02-24,Other,,81.8,75.3,73.0,,86.6,65.0,
2026-02-25,Other,,77.1,80.2,80.0,,85.5,54.1,
2026-02-26,Other,,81.0,72.1,60.0,,89.1,56.1,
2026-02-27,Other,,72.49,86.52,60.0,,85.9,56.6,
2026-02-28,Other,,79.05,81.4,56.0,,87.1,50.6,
2026-03-01,Other,,73.26,75.58,65.0,,87.5,65.5,
2026-03-02,Other,,91.69,94.32,76.0,,95.6,65.5,
2026-03-03,Other,,93.91,95.6,80.0,,97.2,58.8,
2026-03-04,Other,,92.7,92.22,95.0,,98.3,50.6,
2026-03-05,Other,,86.55,87.78,74.0,,88.9,76.7,
2026-03-06,Other,,75.2,95.51,75.0,,90.6,52.8,
2026-03-07,Other,,76.36,80.0,64.0,,89.5,52.1,
2026-03-08,Other,,65.23,87.5,67.0,,90.0,68.9,
2026-03-09,Other,,72.73,86.52,80.0,,87.2,53.6,
2026-03-10,Other,,76.49,90.11,52.0,,88.8,48.1,
2026-03-11,Other,,76.49,90.11,52.0,,88.8,48.1,
2026-03-12,Other,,80.43,84.62,58.0,,89.1,57.0,
2026-03-13,Other,,64.75,91.4,83.0,,84.6,56.1,
2026-03-14,Other,,74.58,90.0,87.0,,85.1,50.6,
2026-03-15,Other,,61.56,76.92,76.0,,78.1,67.9,
2026-03-16,Other,,61.08,82.42,43.0,,83.4,50.6,
2026-03-17,Other,,77.03,87.91,54.0,,89.7,46.2,
2026-03-18,Other,,69.25,75.0,66.0,,76.5,36.7,
2026-03-19,Other,,64.72,77.66,80.0,,82.5,39.3,
2026-03-20,Other,,64.72,77.01,57.0,,87.5,54.4,
2026-03-21,Other,,84.68,92.86,73.0,,95.7,62.4,
2026-03-22,Other,,78.36,86.05,86.0,,93.1,52.9,
2026-03-23,Other,,78.36,83.72,69.0,,85.5,55.8,
2026-03-24,Other,,85.95,85.06,79.0,,92.0,57.0,
2026-03-25,Other,,79.47,71.43,79.0,,85.9,48.2,
2026-03-26,Other,,79.47,83.91,52.0,,89.1,45.2,
2026-03-27,Other,,79.78,81.61,65.0,,89.0,48.7,
2026-03-28,Other,,78.95,69.88,90.0,,80.6,50.6,
2026-03-29,Other,,78.95,93.9,77.0,,88.6,50.6,
2026-03-30,Other,,89.37,89.16,58.0,,89.9,47.1,
2026-03-31,Other,,87.5,75.9,74.0,,88.8,50.8,
2026-04-01,Other,,87.6,74.42,63.0,,90.0,52.6,
2026-04-02,Other,,84.89,77.65,69.0,,84.6,51.3,
2026-04-03,Other,,84.89,89.16,76.0,,90.3,45.6,
2026-04-04,Other,,84.89,85.54,39.0,,93.3,60.3,
2026-04-05,Other,,91.78,92.86,81.0,,93.1,60.0,
2026-04-06,Other,,91.11,85.71,88.0,,91.4,52.6,
2026-04-07,Other,,86.23,74.42,40.0,,91.4,50.7,
2026-04-08,Other,,89.67,69.66,58.0,,90.3,50.64,
2026-04-09,Other,,88.49,85.06,86.0,,86.6,50.6,
2026-04-11,Other,,88.3,91.95,70.0,,92.6,45.3,
2026-04-12,Other,,94.99,96.55,62.0,,96.4,57.9,
2026-04-13,Other,,92.46,95.4,90.0,,96.4,51.4,
2026-04-14,Other,,92.88,95.4,94.0,,94.8,45.6,
2026-04-15,Other,,87.19,80.9,88.0,,93.4,37.7,
2026-04-16,Other,,84.68,70.11,66.0,,86.4,42.4,
2026-04-17,Other,,77.48,74.42,97.0,,83.1,42.4,
2026-04-18,Other,,81.56,52.83,83.0,,81.8,41.3,
2026-04-19,Other,,84.53,87.6,84.0,,87.1,47.8,
2026-04-20,Other,,87.34,94.25,74.0,,89.7,48.6,
2026-04-21,Other,,89.23,86.36,78.0,,91.1,51.6,
2026-04-22,Other,,81.27,90.0,95.0,,87.3,48.6,
2026-04-23,Other,,85.35,92.13,69.0,,84.6,42.6,
2026-04-24,Other,,88.67,92.13,68.0,,86.4,51.6,
2026-04-25,Other,,84.83,90.59,78.0,,92.1,50.8,
2026-04-26,Other,,84.83,83.91,55.0,,90.2,44.6,
2026-04-27,Other,,80.5,82.5,56.0,,79.6,49.2,
2026-04-28,Other,,83.33,80.43,67.0,,84.6,46.7,
2026-04-29,Other,,71.55,78.72,63.0,,77.1,46.7,
2026-04-30,Other,,70.74,79.35,63.0,,75.8,43.1,
2026-05-01,Other,,57.54,51.06,56.0,,76.2,45.8,
2026-05-02,Other,,57.54,80.85,81.0,,85.8,41.2,
2026-05-03,Other,,81.92,76.92,66.0,,88.1,49.1,
2026-05-04,Other,,68.64,68.6,53.0,,71.4,49.1,
2026-05-05,Other,,79.61,82.98,92.0,,75.6,41.8,
2026-05-06,Other,,85.07,74.49,65.0,,80.6,45.5,
2026-05-07,Other,,76.59,73.68,83.0,,79.0,35.3,
2026-05-08,Other,,68.25,75.0,71.0,,77.1,30.8,
2026-05-09,Other,,68.18,72.63,53.0,,74.3,43.4,
2026-05-10,Other,,83.99,88.42,70.0,,87.0,46.2,
2026-05-11,Other,,83.66,84.38,38.0,,80.6,49.1,
2026-05-12,Other,,87.15,84.38,66.0,,83.3,54.0,
2026-05-13,Other,,78.57,77.23,72.0,,82.1,44.0,
2026-05-14,Other,,73.86,89.36,82.0,,83.7,50.0,
2026-05-15,Other,,79.67,95.88,82.0,,86.0,43.1,
2026-05-16,Other,,82.96,96.84,98.0,,87.1,48.2,
2026-05-17,Other,,80.89,83.16,78.0,,88.8,51.9,
2026-05-18,Other,,66.29,78.72,75.0,,84.0,63.0,
2026-05-19,Other,,80.0,96.74,76.0,,90.7,55.1,
2026-05-20,Other,,82.29,90.91,81.0,,86.5,54.0,
2026-05-21,Other,,72.58,76.84,84.0,,80.0,51.9,
2026-05-22,Other,,72.58,82.83,41.0,,83.3,46.3,
2026-05-23,Other,,68.82,76.84,73.0,,82.7,34.5,
2026-05-24,Other,,84.25,85.42,89.0,,92.3,55.6,
2026-05-25,Other,,69.61,68.42,80.0,,80.9,49.0,
2026-05-26,Other,,83.79,84.38,72.0,,83.4,48.0,
2026-05-27,Other,,84.15,84.38,45.0,,83.9,33.3,
2026-05-28,Other,,84.15,77.32,45.0,,84.1,45.0,
2026-05-29,Other,,79.29,77.32,79.0,,75.0,50.0,
2026-05-30,Other,,79.29,84.21,83.0,,77.2,47.1,
2026-05-31,Other,,80.61,88.54,83.0,,90.5,34.2,
2026-06-01,Monsoon,,84.73,87.5,68.0,,87.8,47.1,
2026-06-02,Monsoon,,92.59,87.5,85.0,,89.3,45.2,
2026-06-03,Monsoon,,92.59,87.25,64.0,,92.3,50.0,
2026-06-04,Monsoon,,85.39,82.29,80.0,,92.3,27.8,
2026-06-05,Monsoon,,90.11,70.83,63.0,,85.6,46.4,
2026-06-06,Monsoon,,95.91,86.17,85.0,,93.4,44.7,
2026-06-07,Monsoon,,91.51,86.46,92.0,,91.7,51.3,
2026-06-08,Monsoon,,94.42,92.71,87.0,,92.4,55.0,
2026-06-09,Monsoon,,88.64,91.67,80.0,,87.3,41.2,
2026-06-10,Monsoon,,88.56,89.9,94.0,,89.1,51.4,
2026-06-11,Monsoon,,92.16,81.72,98.0,,88.3,62.5,
2026-06-12,Monsoon,,87.18,91.28,56.0,,79.8,52.6,
2026-06-13,Monsoon,,92.86,57.95,55.0,,83.8,41.7,
2026-06-14,Monsoon,,96.32,78.89,57.0,,92.3,55.6,
2026-06-15,Monsoon,,90.53,82.42,73.0,,89.0,51.4,
2026-06-16,Monsoon,,95.56,96.74,98.0,,91.1,54.5,
2026-06-17,Monsoon,,94.46,88.66,81.0,,94.5,43.2,
2026-06-18,Monsoon,,92.42,83.7,98.0,,92.9,51.3,
2026-06-19,Monsoon,,91.04,89.77,86.0,,90.6,51.2,
2026-06-20,Monsoon,,94.3,95.56,76.0,,94.7,53.8,
2026-06-21,Monsoon,,92.16,80.43,95.0,,88.1,60.5,
2026-06-22,Monsoon,,95.4,89.69,77.0,,93.9,51.4,
2026-06-23,Monsoon,,92.94,85.11,56.0,,89.5,47.1,
2026-06-24,Monsoon,,90.44,85.15,49.0,,87.3,50.0,
2026-06-25,Monsoon,,90.15,85.71,98.0,,90.4,41.2,
2026-06-26,Monsoon,,94.98,82.47,74.0,,95.4,56.7,
2026-06-27,Monsoon,,92.11,93.75,96.0,,93.2,48.3,
2026-06-28,Monsoon,,93.2,93.81,98.0,,93.9,71.4,
2026-06-29,Monsoon,,93.2,93.81,69.0,,92.2,55.2,
2026-06-30,Monsoon,,91.88,87.63,71.0,,87.7,48.0,
2026-07-01,Monsoon,,83.4,78.31,65.0,,82.8,47.6,
2026-07-02,Monsoon,,89.15,90.19,93.0,,85.8,48.0,
2026-07-03,Monsoon,,90.94,93.98,90.0,,92.2,44.0,
2026-07-04,Monsoon,,86.54,82.67,58.0,,85.4,45.8,
2026-07-05,Monsoon,,71.1,70.37,83.0,,73.0,55.6,
2026-07-06,Monsoon,,77.34,58.54,67.0,,74.6,46.4,
2026-07-07,Monsoon,,90.84,94.94,77.0,,88.8,48.3,
2026-07-08,Monsoon,,82.64,81.18,70.0,,75.9,55.2,
2026-07-09,Monsoon,,89.3,98.7,66.0,,93.2,36.0,
2026-07-10,Monsoon,,92.78,91.67,71.0,,93.4,44.4,
2026-07-11,Monsoon,,93.26,97.37,57.0,,97.5,46.2,
2026-07-12,Monsoon,,94.7,98.78,95.0,,97.9,51.9,
2026-07-13,Monsoon,,92.69,98.78,94.0,,94.6,43.3,
2026-07-14,Monsoon,,93.49,97.5,93.0,,97.2,50.0,
2026-07-15,Monsoon,,91.18,96.51,83.0,,94.2,57.7,
2026-07-16,Monsoon,,93.96,94.87,78.0,,96.2,75.0,
2026-07-17,Monsoon,,93.96,94.87,78.0,,96.2,75.0,
2026-07-18,Monsoon,,93.96,94.87,78.0,,96.2,75.0,
2026-07-19,Monsoon,,95.45,95.12,89.0,,95.6,46.2,
2026-07-20,Monsoon,,91.63,90.24,71.0,,88.2,43.3,
2026-07-21,Monsoon,,91.89,95.0,87.0,,92.9,46.4,
2026-07-22,Monsoon,,87.5,91.86,74.0,,84.4,46.4,
2026-07-23,Monsoon,,88.85,92.31,68.0,,87.2,48.0,
2026-07-24,Monsoon,,88.85,92.31,68.0,,87.2,48.0,
2026-07-25,Monsoon,,88.85,92.31,68.0,,87.2,48.0,
2026-07-26,Monsoon,,89.85,96.34,95.0,,94.3,47.1,
2026-07-27,Monsoon,,92.83,95.12,69.0,,95.9,48.1,
2026-09-07,Monsoon,,78.03,96.63,82.0,,92.6,53.3,
